date,portfolio_value,cash,holdings,total_return,drawdown
2020-01-02,100000.000000,0,100000.000000,0.000000,0.000000
2020-01-03,100000.000000,0,100000.000000,0.000000,0.000000
2020-01-06,100000.000000,0,100000.000000,0.000000,0.000000
2020-01-07,100000.000000,0,100000.000000,0.000000,0.000000
2020-01-08,100000.000000,0,100000.000000,0.000000,0.000000
2020-01-09,100000.000000,0,100000.000000,0.000000,0.000000
2020-01-10,100000.000000,0,100000.000000,0.000000,0.000000
2020-01-13,100000.000000,0,100000.000000,0.000000,0.000000
2020-01-14,100000.000000,0,100000.000000,0.000000,0.000000
2020-01-15,100000.000000,0,100000.000000,0.000000,0.000000
2020-01-16,100000.000000,0,100000.000000,0.000000,0.000000
2020-01-17,100000.000000,0,100000.000000,0.000000,0.000000
2020-01-21,100000.000000,0,100000.000000,0.000000,0.000000
2020-01-22,100000.000000,0,100000.000000,0.000000,0.000000
2020-01-23,100000.000000,0,100000.000000,0.000000,0.000000
2020-01-24,100000.000000,0,100000.000000,0.000000,0.000000
2020-01-27,100000.000000,0,100000.000000,0.000000,0.000000
2020-01-28,100000.000000,0,100000.000000,0.000000,0.000000
2020-01-29,100000.000000,0,100000.000000,0.000000,0.000000
2020-01-30,100000.000000,0,100000.000000,0.000000,0.000000
2020-01-31,100000.000000,0,100000.000000,0.000000,0.000000
2020-02-03,100000.000000,0,100000.000000,0.000000,0.000000
2020-02-04,100000.000000,0,100000.000000,0.000000,0.000000
2020-02-05,100000.000000,0,100000.000000,0.000000,0.000000
2020-02-06,100000.000000,0,100000.000000,0.000000,0.000000
2020-02-07,100000.000000,0,100000.000000,0.000000,0.000000
2020-02-10,100000.000000,0,100000.000000,0.000000,0.000000
2020-02-11,100000.000000,0,100000.000000,0.000000,0.000000
2020-02-12,100000.000000,0,100000.000000,0.000000,0.000000
2020-02-13,100000.000000,0,100000.000000,0.000000,0.000000
2020-02-14,100000.000000,0,100000.000000,0.000000,0.000000
2020-02-18,100000.000000,0,100000.000000,0.000000,0.000000
2020-02-19,100000.000000,0,100000.000000,0.000000,0.000000
2020-02-20,100000.000000,0,100000.000000,0.000000,0.000000
2020-02-21,100000.000000,0,100000.000000,0.000000,0.000000
2020-02-24,100000.000000,0,100000.000000,0.000000,0.000000
2020-02-25,100000.000000,0,100000.000000,0.000000,0.000000
2020-02-26,100000.000000,0,100000.000000,0.000000,0.000000
2020-02-27,100000.000000,0,100000.000000,0.000000,0.000000
2020-02-28,100000.000000,0,100000.000000,0.000000,0.000000
2020-03-02,100000.000000,0,100000.000000,0.000000,0.000000
2020-03-03,100000.000000,0,100000.000000,0.000000,0.000000
2020-03-04,100000.000000,0,100000.000000,0.000000,0.000000
2020-03-05,100000.000000,0,100000.000000,0.000000,0.000000
2020-03-06,100000.000000,0,100000.000000,0.000000,0.000000
2020-03-09,100000.000000,0,100000.000000,0.000000,0.000000
2020-03-10,100000.000000,0,100000.000000,0.000000,0.000000
2020-03-11,100000.000000,0,100000.000000,0.000000,0.000000
2020-03-12,100000.000000,0,100000.000000,0.000000,0.000000
2020-03-13,100000.000000,0,100000.000000,0.000000,0.000000
2020-03-16,100000.000000,0,100000.000000,0.000000,0.000000
2020-03-17,100000.000000,0,100000.000000,0.000000,0.000000
2020-03-18,100000.000000,0,100000.000000,0.000000,0.000000
2020-03-19,100000.000000,0,100000.000000,0.000000,0.000000
2020-03-20,100000.000000,0,100000.000000,0.000000,0.000000
2020-03-23,100000.000000,0,100000.000000,0.000000,0.000000
2020-03-24,100000.000000,0,100000.000000,0.000000,0.000000
2020-03-25,100000.000000,0,100000.000000,0.000000,0.000000
2020-03-26,100000.000000,0,100000.000000,0.000000,0.000000
2020-03-27,100000.000000,0,100000.000000,0.000000,0.000000
2020-03-30,100000.000000,0,100000.000000,0.000000,0.000000
2020-03-31,100000.000000,0,100000.000000,0.000000,0.000000
2020-04-01,100000.000000,0,100000.000000,0.000000,0.000000
2020-04-02,100000.000000,0,100000.000000,0.000000,0.000000
2020-04-03,100000.000000,0,100000.000000,0.000000,0.000000
2020-04-06,100000.000000,0,100000.000000,0.000000,0.000000
2020-04-07,100000.000000,0,100000.000000,0.000000,0.000000
2020-04-08,100000.000000,0,100000.000000,0.000000,0.000000
2020-04-09,100000.000000,0,100000.000000,0.000000,0.000000
2020-04-13,100000.000000,0,100000.000000,0.000000,0.000000
2020-04-14,100000.000000,0,100000.000000,0.000000,0.000000
2020-04-15,100000.000000,0,100000.000000,0.000000,0.000000
2020-04-16,100000.000000,0,100000.000000,0.000000,0.000000
2020-04-17,100000.000000,0,100000.000000,0.000000,0.000000
2020-04-20,100000.000000,0,100000.000000,0.000000,0.000000
2020-04-21,100000.000000,0,100000.000000,0.000000,0.000000
2020-04-22,100000.000000,0,100000.000000,0.000000,0.000000
2020-04-23,99677.132758,0,99677.132758,-0.003229,-0.003229
2020-04-24,100019.555292,0,100019.555292,0.000196,0.000000
2020-04-27,99964.855292,0,99964.855292,-0.000351,-0.000547
2020-04-28,99500.998691,0,99500.998691,-0.004990,-0.005185
2020-04-29,100560.676726,0,100560.676726,0.005607,0.000000
2020-04-30,100295.373247,0,100295.373247,0.002954,-0.002638
2020-05-01,97760.202046,0,97760.202046,-0.022398,-0.027849
2020-05-04,100021.158773,0,100021.158773,0.000212,-0.005365
2020-05-05,100860.361918,0,100860.361918,0.008604,0.000000
2020-05-06,101481.536866,0,101481.536866,0.014815,0.000000
2020-05-07,101960.162876,0,101960.162876,0.019602,0.000000
2020-05-08,103775.155421,0,103775.155421,0.037752,0.000000
2020-05-11,104119.180247,0,104119.180247,0.041192,0.000000
2020-05-12,102995.972601,0,102995.972601,0.029960,-0.010788
2020-05-13,101663.774261,0,101663.774261,0.016638,-0.023583
2020-05-14,102397.149197,0,102397.149197,0.023971,-0.016539
2020-05-15,102549.511080,0,102549.511080,0.025495,-0.015076
2020-05-18,104137.027520,0,104137.027520,0.041370,0.000000
2020-05-19,103542.395161,0,103542.395161,0.035424,-0.005710
2020-05-20,104669.013662,0,104669.013662,0.046690,0.000000
2020-05-21,104434.421322,0,104434.421322,0.044344,-0.002241
2020-05-22,104346.972200,0,104346.972200,0.043470,-0.003077
2020-05-26,104282.286972,0,104282.286972,0.042823,-0.003695
2020-05-27,104722.371369,0,104722.371369,0.047224,0.000000
2020-05-28,104293.868290,0,104293.868290,0.042939,-0.004092
2020-05-29,105285.306098,0,105285.306098,0.052853,0.000000
2020-06-01,107130.729489,0,107130.729489,0.071307,0.000000
2020-06-02,107211.644381,0,107211.644381,0.072116,0.000000
2020-06-03,107678.660942,0,107678.660942,0.076787,0.000000
2020-06-04,106718.274900,0,106718.274900,0.067183,-0.008919
2020-06-05,108827.360209,0,108827.360209,0.088274,0.000000
2020-06-08,110920.216842,0,110920.216842,0.109202,0.000000
2020-06-09,111372.490617,0,111372.490617,0.113725,0.000000
2020-06-10,113860.559308,0,113860.559308,0.138606,0.000000
2020-06-11,109112.833301,0,109112.833301,0.091128,-0.041698
2020-06-12,109384.993361,0,109384.993361,0.093850,-0.039307
2020-06-15,112158.878734,0,112158.878734,0.121589,-0.014945
2020-06-16,113738.082751,0,113738.082751,0.137381,-0.001076
2020-06-17,113982.711447,0,113982.711447,0.139827,0.000000
2020-06-18,114813.501904,0,114813.501904,0.148135,0.000000
2020-06-19,114575.548791,0,114575.548791,0.145755,-0.002073
2020-06-22,115756.843272,0,115756.843272,0.157568,0.000000
2020-06-23,119260.737234,0,119260.737234,0.192607,0.000000
2020-06-24,116495.451332,0,116495.451332,0.164955,-0.023187
2020-06-25,118447.881878,0,118447.881878,0.184479,-0.006816
2020-06-26,116481.045393,0,116481.045393,0.164810,-0.023308
2020-06-29,118515.295035,0,118515.295035,0.185153,-0.006251
2020-06-30,121299.629100,0,121299.629100,0.212996,0.000000
2020-07-01,122744.839796,0,122744.839796,0.227448,0.000000
2020-07-02,125916.584059,0,125916.584059,0.259166,0.000000
2020-07-06,133145.445688,0,133145.445688,0.331454,0.000000
2020-07-07,132756.941817,0,132756.941817,0.327569,-0.002918
2020-07-08,132737.169465,0,132737.169465,0.327372,-0.003066
2020-07-09,131412.363383,0,131412.363383,0.314124,-0.013016
2020-07-10,134905.586052,0,134905.586052,0.349056,0.000000
2020-07-13,133241.083133,0,133241.083133,0.332411,-0.012338
2020-07-14,135754.309082,0,135754.309082,0.357543,0.000000
2020-07-15,138011.628766,0,138011.628766,0.380116,0.000000
2020-07-16,135005.911416,0,135005.911416,0.350059,-0.021779
2020-07-17,135034.393129,0,135034.393129,0.350344,-0.021572
2020-07-20,140957.450038,0,140957.450038,0.409575,0.000000
2020-07-21,138641.800310,0,138641.800310,0.386418,-0.016428
2020-07-22,139759.759534,0,139759.759534,0.397598,-0.008497
2020-07-23,134859.231825,0,134859.231825,0.348592,-0.043263
2020-07-24,131008.608407,0,131008.608407,0.310086,-0.070580
2020-07-27,135297.763792,0,135297.763792,0.352978,-0.040152
2020-07-28,133071.775465,0,133071.775465,0.330718,-0.055944
2020-07-29,133484.898953,0,133484.898953,0.334849,-0.053013
2020-07-30,133705.057139,0,133705.057139,0.337051,-0.051451
2020-07-31,135010.272253,0,135010.272253,0.350103,-0.042191
2020-08-03,139351.388344,0,139351.388344,0.393514,-0.011394
2020-08-04,140212.720111,0,140212.720111,0.402127,-0.005283
2020-08-05,140137.172124,0,140137.172124,0.401372,-0.005819
2020-08-06,142440.393675,0,142440.393675,0.424404,0.000000
2020-08-07,139778.452147,0,139778.452147,0.397785,-0.018688
2020-08-10,140791.844198,0,140791.844198,0.407918,-0.011574
2020-08-11,136462.589897,0,136462.589897,0.364626,-0.041967
2020-08-12,143125.584927,0,143125.584927,0.431256,0.000000
2020-08-13,145559.159082,0,145559.159082,0.455592,0.000000
2020-08-14,145937.556608,0,145937.556608,0.459376,0.000000
2020-08-17,150616.645833,0,150616.645833,0.506166,0.000000
2020-08-18,152587.648286,0,152587.648286,0.525876,0.000000
2020-08-19,152158.584970,0,152158.584970,0.521586,-0.002812
2020-08-20,156532.720358,0,156532.720358,0.565327,0.000000
2020-08-21,159399.111355,0,159399.111355,0.593991,0.000000
2020-08-24,157772.910286,0,157772.910286,0.577729,-0.010202
2020-08-25,158527.774183,0,158527.774183,0.585278,-0.005466
2020-08-26,162895.833465,0,162895.833465,0.628958,0.000000
2020-08-27,165031.632214,0,165031.632214,0.650316,0.000000
2020-08-28,164921.517731,0,164921.517731,0.649215,-0.000667
2020-08-31,172659.936885,0,172659.936885,0.726599,0.000000
2020-09-01,171371.393245,0,171371.393245,0.713714,-0.007463
2020-09-02,167869.761949,0,167869.761949,0.678698,-0.027743
2020-09-03,157468.041357,0,157468.041357,0.574680,-0.087987
2020-09-04,158483.510596,0,158483.510596,0.584835,-0.082106
2020-09-08,143545.118661,0,143545.118661,0.435451,-0.168625
2020-09-09,151433.942846,0,151433.942846,0.514339,-0.122935
2020-09-10,149985.184064,0,149985.184064,0.499852,-0.131326
2020-09-11,148813.051146,0,148813.051146,0.488131,-0.138115
2020-09-14,155784.396303,0,155784.396303,0.557844,-0.097739
2020-09-15,159767.812338,0,159767.812338,0.597678,-0.074668
2020-09-16,157096.327148,0,157096.327148,0.570963,-0.090140
2020-09-17,154196.577690,0,154196.577690,0.541966,-0.106935
2020-09-18,155110.569496,0,155110.569496,0.551106,-0.101641
2020-09-21,156787.347426,0,156787.347426,0.567873,-0.091930
2020-09-22,154879.959960,0,154879.959960,0.548800,-0.102977
2020-09-23,147002.478910,0,147002.478910,0.470025,-0.148601
2020-09-24,148544.980538,0,148544.980538,0.485450,-0.139667
2020-09-25,152857.232985,0,152857.232985,0.528572,-0.114692
2020-09-28,155795.838163,0,155795.838163,0.557958,-0.097672
2020-09-29,155144.657655,0,155144.657655,0.551447,-0.101444
2020-09-30,156981.514448,0,156981.514448,0.569815,-0.090805
2020-10-01,159749.337736,0,159749.337736,0.597493,-0.074775
2020-10-02,154691.367292,0,154691.367292,0.546914,-0.104069
2020-10-05,156184.863693,0,156184.863693,0.561849,-0.095419
2020-10-06,154740.305954,0,154740.305954,0.547403,-0.103786
2020-10-07,156137.947641,0,156137.947641,0.561379,-0.095691
2020-10-08,156214.496371,0,156214.496371,0.562145,-0.095248
2020-10-09,157212.111032,0,157212.111032,0.572121,-0.089470
2020-10-12,158236.882858,0,158236.882858,0.582369,-0.083534
2020-10-13,158773.961728,0,158773.961728,0.587740,-0.080424
2020-10-14,160582.747641,0,160582.747641,0.605827,-0.069948
2020-10-15,159049.291867,0,159049.291867,0.590493,-0.078829
2020-10-16,157912.166806,0,157912.166806,0.579122,-0.085415
2020-10-19,156820.720041,0,156820.720041,0.568207,-0.091736
2020-10-20,155723.101449,0,155723.101449,0.557231,-0.098094
2020-10-21,155809.529623,0,155809.529623,0.558095,-0.097593
2020-10-22,156339.014107,0,156339.014107,0.563390,-0.094526
2020-10-23,155918.481789,0,155918.481789,0.559185,-0.096962
2020-10-26,154815.495370,0,154815.495370,0.548155,-0.103350
2020-10-27,155616.647005,0,155616.647005,0.556166,-0.098710
2020-10-28,151454.017940,0,151454.017940,0.514540,-0.122819
2020-10-29,152234.629019,0,152234.629019,0.522346,-0.118298
2020-10-30,149337.189419,0,149337.189419,0.493372,-0.135079
2020-11-02,151120.017508,0,151120.017508,0.511200,-0.124753
2020-11-03,155240.348562,0,155240.348562,0.552403,-0.100890
2020-11-04,157285.013644,0,157285.013644,0.572850,-0.089047
2020-11-05,159144.271414,0,159144.271414,0.591443,-0.078279
2020-11-06,158612.214302,0,158612.214302,0.586122,-0.081361
2020-11-09,156597.931295,0,156597.931295,0.565979,-0.093027
2020-11-10,155438.197719,0,155438.197719,0.554382,-0.099744
2020-11-11,157959.603920,0,157959.603920,0.579596,-0.085140
2020-11-12,156530.702010,0,156530.702010,0.565307,-0.093416
2020-11-13,156874.130471,0,156874.130471,0.568741,-0.091427
2020-11-16,157315.658911,0,157315.658911,0.573157,-0.088870
2020-11-17,157078.804516,0,157078.804516,0.570788,-0.090242
2020-11-18,155172.588214,0,155172.588214,0.551726,-0.101282
2020-11-19,155909.578338,0,155909.578338,0.559096,-0.097014
2020-11-20,155615.837176,0,155615.837176,0.556158,-0.098715
2020-11-23,154833.510943,0,154833.510943,0.548335,-0.103246
2020-11-24,157431.070820,0,157431.070820,0.574311,-0.088202
2020-11-25,159386.273036,0,159386.273036,0.593863,-0.076877
2020-11-27,161544.747886,0,161544.747886,0.615447,-0.064376
2020-11-30,159716.902919,0,159716.902919,0.597169,-0.074963
2020-12-01,162225.249800,0,162225.249800,0.622252,-0.060435
2020-12-02,161039.464326,0,161039.464326,0.610395,-0.067303
2020-12-03,162582.121910,0,162582.121910,0.625821,-0.058368
2020-12-04,163331.650419,0,163331.650419,0.633317,-0.054027
2020-12-07,167566.707466,0,167566.707466,0.675667,-0.029499
2020-12-08,168944.059663,0,168944.059663,0.689441,-0.021521
2020-12-09,162625.095155,0,162625.095155,0.626251,-0.058119
2020-12-10,165178.722065,0,165178.722065,0.651787,-0.043329
2020-12-11,163323.140571,0,163323.140571,0.633231,-0.054076
2020-12-14,166362.242802,0,166362.242802,0.663622,-0.036475
2020-12-15,167571.281047,0,167571.281047,0.675713,-0.029472
2020-12-16,167030.335872,0,167030.335872,0.670303,-0.032605
2020-12-17,170389.819582,0,170389.819582,0.703898,-0.013148
2020-12-18,173889.467778,0,173889.467778,0.738895,0.000000
2020-12-21,169386.510673,0,169386.510673,0.693865,-0.025896
2020-12-22,167166.657698,0,167166.657698,0.671667,-0.038661
2020-12-23,167714.071763,0,167714.071763,0.677141,-0.035513
2020-12-24,169012.202098,0,169012.202098,0.690122,-0.028048
2020-12-28,171008.310151,0,171008.310151,0.710083,-0.016569
2020-12-29,170821.482536,0,170821.482536,0.708215,-0.017643
2020-12-30,172506.329463,0,172506.329463,0.725063,-0.007954
2020-12-31,173681.370506,0,173681.370506,0.736814,-0.001197
2021-01-04,174255.247560,0,174255.247560,0.742552,0.000000
2021-01-05,175329.806660,0,175329.806660,0.753298,0.000000
2021-01-06,175733.817897,0,175733.817897,0.757338,0.000000
2021-01-07,183344.097496,0,183344.097496,0.833441,0.000000
2021-01-08,189824.401317,0,189824.401317,0.898244,0.000000
2021-01-11,182307.605357,0,182307.605357,0.823076,-0.039599
2021-01-12,185545.154967,0,185545.154967,0.855452,-0.022543
2021-01-13,186732.324644,0,186732.324644,0.867323,-0.016289
2021-01-14,184943.211424,0,184943.211424,0.849432,-0.025714
2021-01-15,182545.870976,0,182545.870976,0.825459,-0.038343
2021-01-19,185002.016637,0,185002.016637,0.850020,-0.025404
2021-01-20,187740.182854,0,187740.182854,0.877402,-0.010980
2021-01-21,188515.036845,0,188515.036845,0.885150,-0.006898
2021-01-22,189223.578966,0,189223.578966,0.892236,-0.003165
2021-01-25,193803.873521,0,193803.873521,0.938039,0.000000
2021-01-26,194326.385588,0,194326.385588,0.943264,0.000000
2021-01-27,191755.529625,0,191755.529625,0.917555,-0.013230
2021-01-28,188703.236607,0,188703.236607,0.887032,-0.028937
2021-01-29,182348.806993,0,182348.806993,0.823488,-0.061636
2021-02-01,188366.103984,0,188366.103984,0.883661,-0.030671
2021-02-02,191958.655418,0,191958.655418,0.919587,-0.012184
2021-02-03,190404.822679,0,190404.822679,0.904048,-0.020180
2021-02-04,190997.477165,0,190997.477165,0.909975,-0.017131
2021-02-05,191167.545427,0,191167.545427,0.911675,-0.016255
2021-02-08,192449.558360,0,192449.558360,0.924496,-0.009658
2021-02-09,191052.978929,0,191052.978929,0.910530,-0.016845
2021-02-10,186657.152702,0,186657.152702,0.866572,-0.039466
2021-02-11,187440.183842,0,187440.183842,0.874402,-0.035436
2021-02-12,188088.792143,0,188088.792143,0.880888,-0.032099
2021-02-16,185553.291893,0,185553.291893,0.855533,-0.045146
2021-02-17,185210.577794,0,185210.577794,0.852106,-0.046910
2021-02-18,183784.488121,0,183784.488121,0.837845,-0.054248
2021-02-19,182924.174345,0,182924.174345,0.829242,-0.058676
2021-02-22,174921.876222,0,174921.876222,0.749219,-0.099855
2021-02-23,173309.120581,0,173309.120581,0.733091,-0.108154
2021-02-24,177708.888119,0,177708.888119,0.777089,-0.085513
2021-02-25,169599.455969,0,169599.455969,0.695995,-0.127244
2021-02-26,169332.418920,0,169332.418920,0.693324,-0.128618
2021-03-01,175169.040850,0,175169.040850,0.751690,-0.098583
2021-03-02,172157.952337,0,172157.952337,0.721580,-0.114078
2021-03-03,168409.196530,0,168409.196530,0.684092,-0.133369
2021-03-04,169801.234653,0,169801.234653,0.698012,-0.126206
2021-03-05,171009.409122,0,171009.409122,0.710094,-0.119989
2021-03-08,170388.031620,0,170388.031620,0.703880,-0.123186
2021-03-09,171719.848532,0,171719.848532,0.717198,-0.116333
2021-03-10,171596.237125,0,171596.237125,0.715962,-0.116969
2021-03-11,172418.698203,0,172418.698203,0.724187,-0.112737
2021-03-12,173352.114884,0,173352.114884,0.733521,-0.107933
2021-03-15,172717.260556,0,172717.260556,0.727173,-0.111200
2021-03-16,173285.277286,0,173285.277286,0.732853,-0.108277
2021-03-17,173498.625657,0,173498.625657,0.734986,-0.107179
2021-03-18,172892.537339,0,172892.537339,0.728925,-0.110298
2021-03-19,172646.011509,0,172646.011509,0.726460,-0.111567
2021-03-22,173095.304288,0,173095.304288,0.730953,-0.109255
2021-03-23,173780.074887,0,173780.074887,0.737801,-0.105731
2021-03-24,173973.320300,0,173973.320300,0.739733,-0.104736
2021-03-25,176717.204681,0,176717.204681,0.767172,-0.090617
2021-03-26,177097.750610,0,177097.750610,0.770978,-0.088658
2021-03-29,175767.001306,0,175767.001306,0.757670,-0.095506
2021-03-30,176861.636352,0,176861.636352,0.768616,-0.089873
2021-03-31,176699.941260,0,176699.941260,0.766999,-0.090705
2021-04-01,176901.885626,0,176901.885626,0.769019,-0.089666
2021-04-05,178012.123126,0,178012.123126,0.780121,-0.083953
2021-04-06,179031.626788,0,179031.626788,0.790316,-0.078707
2021-04-07,179136.625586,0,179136.625586,0.791366,-0.078166
2021-04-08,178821.807544,0,178821.807544,0.788218,-0.079786
2021-04-09,179066.918817,0,179066.918817,0.790669,-0.078525
2021-04-12,180451.456341,0,180451.456341,0.804515,-0.071400
2021-04-13,182456.867987,0,182456.867987,0.824569,-0.061080
2021-04-14,182365.903619,0,182365.903619,0.823659,-0.061548
2021-04-15,183059.730048,0,183059.730048,0.830597,-0.057978
2021-04-16,184719.144330,0,184719.144330,0.847191,-0.049439
2021-04-19,184427.565491,0,184427.565491,0.844276,-0.050939
2021-04-20,183216.067602,0,183216.067602,0.832161,-0.057173
2021-04-21,183773.925240,0,183773.925240,0.837739,-0.054303
2021-04-22,184178.050002,0,184178.050002,0.841781,-0.052223
2021-04-23,184721.180514,0,184721.180514,0.847212,-0.049428
2021-04-26,182060.523733,0,182060.523733,0.820605,-0.063120
2021-04-27,180815.906481,0,180815.906481,0.808159,-0.069525
2021-04-28,180175.149166,0,180175.149166,0.801751,-0.072822
2021-04-29,179576.173177,0,179576.173177,0.795762,-0.075904
2021-04-30,184078.273446,0,184078.273446,0.840783,-0.052737
2021-05-03,180929.454299,0,180929.454299,0.809295,-0.068940
2021-05-04,179125.289362,0,179125.289362,0.791253,-0.078225
2021-05-05,179289.962643,0,179289.962643,0.792900,-0.077377
2021-05-06,178269.445446,0,178269.445446,0.782694,-0.082629
2021-05-07,180357.031289,0,180357.031289,0.803570,-0.071886
2021-05-10,175727.947086,0,175727.947086,0.757279,-0.095707
2021-05-11,173969.242129,0,173969.242129,0.739692,-0.104757
2021-05-12,168254.696552,0,168254.696552,0.682547,-0.134164
2021-05-13,168444.680065,0,168444.680065,0.684447,-0.133187
2021-05-14,170822.327975,0,170822.327975,0.708223,-0.120951
2021-05-17,168803.840656,0,168803.840656,0.688038,-0.131339
2021-05-18,168620.426237,0,168620.426237,0.686204,-0.132282
2021-05-19,169128.109182,0,169128.109182,0.691281,-0.129670
2021-05-20,170524.580099,0,170524.580099,0.705246,-0.122484
2021-05-21,170255.234150,0,170255.234150,0.702552,-0.123870
2021-05-24,174866.609177,0,174866.609177,0.748666,-0.100140
2021-05-25,177544.002625,0,177544.002625,0.775440,-0.086362
2021-05-26,178162.717350,0,178162.717350,0.781627,-0.083178
2021-05-27,179290.120448,0,179290.120448,0.792901,-0.077376
2021-05-28,178632.003651,0,178632.003651,0.786320,-0.080763
2021-06-01,177394.518763,0,177394.518763,0.773945,-0.087131
2021-06-02,179201.058106,0,179201.058106,0.792011,-0.077835
2021-06-03,178125.251795,0,178125.251795,0.781253,-0.083371
2021-06-04,179262.957228,0,179262.957228,0.792630,-0.077516
2021-06-07,180908.386225,0,180908.386225,0.809084,-0.069049
2021-06-08,184104.242958,0,184104.242958,0.841042,-0.052603
2021-06-09,183767.008705,0,183767.008705,0.837670,-0.054338
2021-06-10,185356.148762,0,185356.148762,0.853561,-0.046161
2021-06-11,185901.101582,0,185901.101582,0.859011,-0.043356
2021-06-14,188623.800495,0,188623.800495,0.886238,-0.029345
2021-06-15,188862.794215,0,188862.794215,0.888628,-0.028116
2021-06-16,189380.067512,0,189380.067512,0.893801,-0.025454
2021-06-17,194326.631959,0,194326.631959,0.943266,0.000000
2021-06-18,195049.763294,0,195049.763294,0.950498,0.000000
2021-06-21,194202.297516,0,194202.297516,0.942023,-0.004345
2021-06-22,198254.720099,0,198254.720099,0.982547,0.000000
2021-06-23,203296.741962,0,203296.741962,1.032967,0.000000
2021-06-24,208175.462659,0,208175.462659,1.081755,0.000000
2021-06-25,210684.179590,0,210684.179590,1.106842,0.000000
2021-06-28,210109.285260,0,210109.285260,1.101093,-0.002729
2021-06-29,207240.416491,0,207240.416491,1.072404,-0.016346
2021-06-30,202328.719298,0,202328.719298,1.023287,-0.039659
2021-07-01,199654.550048,0,199654.550048,0.996546,-0.052351
2021-07-02,207112.971160,0,207112.971160,1.071130,-0.016951
2021-07-06,209268.245443,0,209268.245443,1.092682,-0.006721
2021-07-07,204837.913412,0,204837.913412,1.048379,-0.027749
2021-07-08,203490.410830,0,203490.410830,1.034904,-0.034145
2021-07-09,203822.366292,0,203822.366292,1.038224,-0.032569
2021-07-12,207231.166451,0,207231.166451,1.072312,-0.016390
2021-07-13,205526.231887,0,205526.231887,1.055262,-0.024482
2021-07-14,204469.105910,0,204469.105910,1.044691,-0.029499
2021-07-15,195400.291244,0,195400.291244,0.954003,-0.072544
2021-07-16,198194.129781,0,198194.129781,0.981941,-0.059283
2021-07-19,195046.053267,0,195046.053267,0.950461,-0.074225
2021-07-20,197825.943569,0,197825.943569,0.978259,-0.061031
2021-07-21,197866.284383,0,197866.284383,0.978663,-0.060839
2021-07-22,198616.238302,0,198616.238302,0.986162,-0.057280
2021-07-23,195356.624581,0,195356.624581,0.953566,-0.072751
2021-07-26,201903.294002,0,201903.294002,1.019033,-0.041678
2021-07-27,201711.077596,0,201711.077596,1.017111,-0.042590
2021-07-28,201357.543203,0,201357.543203,1.013575,-0.044268
2021-07-29,201659.560409,0,201659.560409,1.016596,-0.042835
2021-07-30,202860.190548,0,202860.190548,1.028602,-0.037136
2021-08-02,207823.769845,0,207823.769845,1.078238,-0.013577
2021-08-03,212195.639290,0,212195.639290,1.121956,0.000000
2021-08-04,211009.975912,0,211009.975912,1.110100,-0.005588
2021-08-05,213944.295858,0,213944.295858,1.139443,0.000000
2021-08-06,214737.245589,0,214737.245589,1.147372,0.000000
2021-08-09,214957.284347,0,214957.284347,1.149573,0.000000
2021-08-10,227578.715676,0,227578.715676,1.275787,0.000000
2021-08-11,228115.213460,0,228115.213460,1.281152,0.000000
2021-08-12,227295.129079,0,227295.129079,1.272951,-0.003595
2021-08-13,232710.340566,0,232710.340566,1.327103,0.000000
2021-08-16,230501.423830,0,230501.423830,1.305014,-0.009492
2021-08-17,227840.502981,0,227840.502981,1.278405,-0.020927
2021-08-18,231003.220907,0,231003.220907,1.310032,-0.007336
2021-08-19,229223.849898,0,229223.849898,1.292238,-0.014982
2021-08-20,233205.395315,0,233205.395315,1.332054,0.000000
2021-08-23,240913.724337,0,240913.724337,1.409137,0.000000
2021-08-24,240056.768868,0,240056.768868,1.400568,-0.003557
2021-08-25,247555.333382,0,247555.333382,1.475553,0.000000
2021-08-26,246623.472188,0,246623.472188,1.466235,-0.003764
2021-08-27,250500.967147,0,250500.967147,1.505010,0.000000
2021-08-30,247262.970449,0,247262.970449,1.472630,-0.012926
2021-08-31,237428.812148,0,237428.812148,1.374288,-0.052184
2021-09-01,239056.834493,0,239056.834493,1.390568,-0.045685
2021-09-02,234506.448031,0,234506.448031,1.345064,-0.063850
2021-09-03,233360.342281,0,233360.342281,1.333603,-0.068425
2021-09-07,234736.404305,0,234736.404305,1.347364,-0.062932
2021-09-08,232543.111245,0,232543.111245,1.325431,-0.071688
2021-09-09,240076.935103,0,240076.935103,1.400769,-0.041613
2021-09-10,235084.592452,0,235084.592452,1.350846,-0.061542
2021-09-13,239752.735103,0,239752.735103,1.397527,-0.042907
2021-09-14,236100.704885,0,236100.704885,1.361007,-0.057486
2021-09-15,238447.366836,0,238447.366836,1.384474,-0.048118
2021-09-16,238441.398916,0,238441.398916,1.384414,-0.048142
2021-09-17,241290.487069,0,241290.487069,1.412905,-0.036768
2021-09-20,239477.789901,0,239477.789901,1.394778,-0.044005
2021-09-21,244877.855861,0,244877.855861,1.448779,-0.022447
2021-09-22,249018.175912,0,249018.175912,1.490182,-0.005919
2021-09-23,253012.772194,0,253012.772194,1.530128,0.000000
2021-09-24,253640.991067,0,253640.991067,1.536410,0.000000
2021-09-27,260956.322310,0,260956.322310,1.609563,0.000000
2021-09-28,254201.092544,0,254201.092544,1.542011,-0.025886
2021-09-29,248636.104958,0,248636.104958,1.486361,-0.047212
2021-09-30,249029.223873,0,249029.223873,1.490292,-0.045705
2021-10-01,253724.449543,0,253724.449543,1.537244,-0.027713
2021-10-04,251543.100791,0,251543.100791,1.515431,-0.036072
2021-10-05,252886.060874,0,252886.060874,1.528861,-0.030926
2021-10-06,253383.858774,0,253383.858774,1.533839,-0.029018
2021-10-07,252864.176010,0,252864.176010,1.528642,-0.031010
2021-10-08,246913.649472,0,246913.649472,1.469136,-0.053812
2021-10-11,247736.775937,0,247736.775937,1.477368,-0.050658
2021-10-12,245152.088974,0,245152.088974,1.451521,-0.060563
2021-10-13,243596.093344,0,243596.093344,1.435961,-0.066525
2021-10-14,250275.815878,0,250275.815878,1.502758,-0.040928
2021-10-15,253487.611215,0,253487.611215,1.534876,-0.028621
2021-10-18,255316.959604,0,255316.959604,1.553170,-0.021610
2021-10-19,258152.621933,0,258152.621933,1.581526,-0.010744
2021-10-20,260359.781894,0,260359.781894,1.603598,-0.002286
2021-10-21,262309.513754,0,262309.513754,1.623095,0.000000
2021-10-22,263711.034287,0,263711.034287,1.637110,0.000000
2021-10-25,272185.441586,0,272185.441586,1.721854,0.000000
2021-10-26,268536.581943,0,268536.581943,1.685366,-0.013406
2021-10-27,271956.946298,0,271956.946298,1.719569,-0.000839
2021-10-28,275162.190517,0,275162.190517,1.751622,0.000000
2021-10-29,276773.455946,0,276773.455946,1.767735,0.000000
2021-11-01,279200.662887,0,279200.662887,1.792007,0.000000
2021-11-02,281198.613669,0,281198.613669,1.811986,0.000000
2021-11-03,284190.048862,0,284190.048862,1.841900,0.000000
2021-11-04,288423.259323,0,288423.259323,1.884233,0.000000
2021-11-05,288523.019242,0,288523.019242,1.885230,0.000000
2021-11-08,283813.466867,0,283813.466867,1.838135,-0.016323
2021-11-09,280573.195249,0,280573.195249,1.805732,-0.027554
2021-11-10,281700.649906,0,281700.649906,1.817006,-0.023646
2021-11-11,281899.054605,0,281899.054605,1.818991,-0.022958
2021-11-12,277679.492856,0,277679.492856,1.776795,-0.037583
2021-11-15,274652.371506,0,274652.371506,1.746524,-0.048075
2021-11-16,270066.183731,0,270066.183731,1.700662,-0.063970
2021-11-17,271940.113431,0,271940.113431,1.719401,-0.057475
2021-11-18,274941.551761,0,274941.551761,1.749416,-0.047072
2021-11-19,273767.130203,0,273767.130203,1.737671,-0.051143
2021-11-22,271012.451077,0,271012.451077,1.710125,-0.060690
2021-11-23,266436.762241,0,266436.762241,1.664368,-0.076549
2021-11-24,265240.338400,0,265240.338400,1.652403,-0.080696
2021-11-26,258662.893558,0,258662.893558,1.586629,-0.103493
2021-11-29,273103.070188,0,273103.070188,1.731031,-0.053444
2021-11-30,275409.265616,0,275409.265616,1.754093,-0.045451
2021-12-01,271379.516938,0,271379.516938,1.713795,-0.059418
2021-12-02,270823.827930,0,270823.827930,1.708238,-0.061344
2021-12-03,264847.052888,0,264847.052888,1.648471,-0.082059
2021-12-06,265715.247407,0,265715.247407,1.657152,-0.079050
2021-12-07,271135.241620,0,271135.241620,1.711352,-0.060265
2021-12-08,273174.470557,0,273174.470557,1.731745,-0.053197
2021-12-09,268222.984894,0,268222.984894,1.682230,-0.070358
2021-12-10,271167.990790,0,271167.990790,1.711680,-0.060151
2021-12-13,266421.615717,0,266421.615717,1.664216,-0.076602
2021-12-14,264466.961640,0,264466.961640,1.644670,-0.083377
2021-12-15,267626.346900,0,267626.346900,1.676263,-0.072426
2021-12-16,261768.355842,0,261768.355842,1.617684,-0.092730
2021-12-17,261450.057514,0,261450.057514,1.614501,-0.093833
2021-12-20,258298.904474,0,258298.904474,1.582989,-0.104755
2021-12-21,262714.711371,0,262714.711371,1.627147,-0.089450
2021-12-22,265791.222744,0,265791.222744,1.657912,-0.078787
2021-12-23,266218.312014,0,266218.312014,1.662183,-0.077307
2021-12-27,268076.529665,0,268076.529665,1.680765,-0.070866
2021-12-28,267745.524062,0,267745.524062,1.677455,-0.072013
2021-12-29,267859.186342,0,267859.186342,1.678592,-0.071619
2021-12-30,267323.583919,0,267323.583919,1.673236,-0.073476
2021-12-31,266872.685244,0,266872.685244,1.668727,-0.075038
2022-01-03,267783.116085,0,267783.116085,1.677831,-0.071883
2022-01-04,266829.417177,0,266829.417177,1.668294,-0.075188
2022-01-05,264263.588027,0,264263.588027,1.642636,-0.084081
2022-01-06,263447.116243,0,263447.116243,1.634471,-0.086911
2022-01-07,263353.094025,0,263353.094025,1.633531,-0.087237
2022-01-10,263322.371674,0,263322.371674,1.633224,-0.087344
2022-01-11,264148.142969,0,264148.142969,1.641481,-0.084482
2022-01-12,264313.187708,0,264313.187708,1.643132,-0.083910
2022-01-13,263263.767017,0,263263.767017,1.632638,-0.087547
2022-01-14,263449.370130,0,263449.370130,1.634494,-0.086903
2022-01-18,262309.754627,0,262309.754627,1.623098,-0.090853
2022-01-19,261319.441761,0,261319.441761,1.613194,-0.094286
2022-01-20,259696.517191,0,259696.517191,1.596965,-0.099911
2022-01-21,255317.310648,0,255317.310648,1.553173,-0.115089
2022-01-24,254359.349814,0,254359.349814,1.543593,-0.118409
2022-01-25,252912.171097,0,252912.171097,1.529122,-0.123425
2022-01-26,254476.906390,0,254476.906390,1.544769,-0.118001
2022-01-27,254025.989633,0,254025.989633,1.540260,-0.119564
2022-01-28,256225.769754,0,256225.769754,1.562258,-0.111940
2022-01-31,257106.869149,0,257106.869149,1.571069,-0.108886
2022-02-01,256902.744562,0,256902.744562,1.569027,-0.109594
2022-02-02,256902.744562,0,256902.744562,1.569027,-0.109594
2022-02-03,256902.744562,0,256902.744562,1.569027,-0.109594
2022-02-04,256902.744562,0,256902.744562,1.569027,-0.109594
2022-02-07,256902.744562,0,256902.744562,1.569027,-0.109594
2022-02-08,256902.744562,0,256902.744562,1.569027,-0.109594
2022-02-09,256902.744562,0,256902.744562,1.569027,-0.109594
2022-02-10,256902.744562,0,256902.744562,1.569027,-0.109594
2022-02-11,256902.744562,0,256902.744562,1.569027,-0.109594
2022-02-14,256902.744562,0,256902.744562,1.569027,-0.109594
2022-02-15,256902.744562,0,256902.744562,1.569027,-0.109594
2022-02-16,256902.744562,0,256902.744562,1.569027,-0.109594
2022-02-17,256902.744562,0,256902.744562,1.569027,-0.109594
2022-02-18,256902.744562,0,256902.744562,1.569027,-0.109594
2022-02-22,256902.744562,0,256902.744562,1.569027,-0.109594
2022-02-23,256902.744562,0,256902.744562,1.569027,-0.109594
2022-02-24,256902.744562,0,256902.744562,1.569027,-0.109594
2022-02-25,256902.744562,0,256902.744562,1.569027,-0.109594
2022-02-28,256902.744562,0,256902.744562,1.569027,-0.109594
2022-03-01,256902.744562,0,256902.744562,1.569027,-0.109594
2022-03-02,256902.744562,0,256902.744562,1.569027,-0.109594
2022-03-03,256902.744562,0,256902.744562,1.569027,-0.109594
2022-03-04,256902.744562,0,256902.744562,1.569027,-0.109594
2022-03-07,256902.744562,0,256902.744562,1.569027,-0.109594
2022-03-08,256902.744562,0,256902.744562,1.569027,-0.109594
2022-03-09,256902.744562,0,256902.744562,1.569027,-0.109594
2022-03-10,256902.744562,0,256902.744562,1.569027,-0.109594
2022-03-11,256902.744562,0,256902.744562,1.569027,-0.109594
2022-03-14,256902.744562,0,256902.744562,1.569027,-0.109594
2022-03-15,256902.744562,0,256902.744562,1.569027,-0.109594
2022-03-16,256902.744562,0,256902.744562,1.569027,-0.109594
2022-03-17,256902.744562,0,256902.744562,1.569027,-0.109594
2022-03-18,256902.744562,0,256902.744562,1.569027,-0.109594
2022-03-21,256902.744562,0,256902.744562,1.569027,-0.109594
2022-03-22,256902.744562,0,256902.744562,1.569027,-0.109594
2022-03-23,256902.744562,0,256902.744562,1.569027,-0.109594
2022-03-24,256902.744562,0,256902.744562,1.569027,-0.109594
2022-03-25,256902.744562,0,256902.744562,1.569027,-0.109594
2022-03-28,256902.744562,0,256902.744562,1.569027,-0.109594
2022-03-29,256902.744562,0,256902.744562,1.569027,-0.109594
2022-03-30,256967.714587,0,256967.714587,1.569677,-0.109368
2022-03-31,256067.359802,0,256067.359802,1.560674,-0.112489
2022-04-01,256451.341589,0,256451.341589,1.564513,-0.111158
2022-04-04,259794.586804,0,259794.586804,1.597946,-0.099571
2022-04-05,256296.241872,0,256296.241872,1.562962,-0.111696
2022-04-06,252425.810666,0,252425.810666,1.524258,-0.125110
2022-04-07,253404.738791,0,253404.738791,1.534047,-0.121717
2022-04-08,250822.203342,0,250822.203342,1.508222,-0.130668
2022-04-11,245831.128934,0,245831.128934,1.458311,-0.147967
2022-04-12,246443.706742,0,246443.706742,1.464437,-0.145844
2022-04-13,249678.307413,0,249678.307413,1.496783,-0.134633
2022-04-14,245660.238810,0,245660.238810,1.456602,-0.148559
2022-04-18,246745.690110,0,246745.690110,1.467457,-0.144797
2022-04-19,249318.126029,0,249318.126029,1.493181,-0.135881
2022-04-20,244720.061784,0,244720.061784,1.447201,-0.151818
2022-04-21,242929.853618,0,242929.853618,1.429299,-0.158023
2022-04-22,244390.358043,0,244390.358043,1.443904,-0.152961
2022-04-25,247614.132854,0,247614.132854,1.476141,-0.141787
2022-04-26,242828.473045,0,242828.473045,1.428285,-0.158374
2022-04-27,248269.854611,0,248269.854611,1.482699,-0.139515
2022-04-28,248210.361929,0,248210.361929,1.482104,-0.139721
2022-04-29,251928.329379,0,251928.329379,1.519283,-0.126835
2022-05-02,252026.187490,0,252026.187490,1.520262,-0.126495
2022-05-03,252683.030700,0,252683.030700,1.526830,-0.124219
2022-05-04,252259.066716,0,252259.066716,1.522591,-0.125688
2022-05-05,255976.727897,0,255976.727897,1.559767,-0.112803
2022-05-06,253886.286296,0,253886.286296,1.538863,-0.120048
2022-05-09,249451.964128,0,249451.964128,1.494520,-0.135417
2022-05-10,248651.282617,0,248651.282617,1.486513,-0.138193
2022-05-11,245509.382617,0,245509.382617,1.455094,-0.149082
2022-05-12,245763.370117,0,245763.370117,1.457634,-0.148202
2022-05-13,250362.707617,0,250362.707617,1.503627,-0.132261
2022-05-16,256654.541992,0,256654.541992,1.566545,-0.110454
2022-05-17,255613.701367,0,255613.701367,1.556137,-0.114061
2022-05-18,256612.485742,0,256612.485742,1.566125,-0.110600
2022-05-19,257151.276367,0,257151.276367,1.571513,-0.108732
2022-05-20,252735.201367,0,252735.201367,1.527352,-0.124038
2022-05-23,255746.413867,0,255746.413867,1.557464,-0.113601
2022-05-24,250901.845117,0,250901.845117,1.509018,-0.130392
2022-05-25,255981.323242,0,255981.323242,1.559813,-0.112787
2022-05-26,255606.285742,0,255606.285742,1.556063,-0.114087
2022-05-27,255432.116992,0,255432.116992,1.554321,-0.114691
2022-05-31,251172.482617,0,251172.482617,1.511725,-0.129454
2022-06-01,251440.570117,0,251440.570117,1.514406,-0.128525
2022-06-02,255473.385742,0,255473.385742,1.554734,-0.114548
2022-06-03,256627.054492,0,256627.054492,1.566271,-0.110549
2022-06-06,258301.420117,0,258301.420117,1.583014,-0.104746
2022-06-07,258107.620117,0,258107.620117,1.581076,-0.105418
2022-06-08,262448.704492,0,262448.704492,1.624487,-0.090372
2022-06-09,264561.004492,0,264561.004492,1.645610,-0.083051
2022-06-10,250587.229492,0,250587.229492,1.505872,-0.131483
2022-06-13,248859.857617,0,248859.857617,1.488599,-0.137470
2022-06-14,249579.932617,0,249579.932617,1.495799,-0.134974
2022-06-15,245961.904492,0,245961.904492,1.459619,-0.147514
2022-06-16,246724.016992,0,246724.016992,1.467240,-0.144872
2022-06-17,248792.366992,0,248792.366992,1.487924,-0.137704
2022-06-21,246151.898242,0,246151.898242,1.461519,-0.146855
2022-06-22,251262.501367,0,251262.501367,1.512625,-0.129142
2022-06-23,253863.754492,0,253863.754492,1.538638,-0.120127
2022-06-24,252920.582617,0,252920.582617,1.529206,-0.123395
2022-06-27,251682.566992,0,251682.566992,1.516826,-0.127686
2022-06-28,254108.591992,0,254108.591992,1.541086,-0.119278
2022-06-29,251665.045117,0,251665.045117,1.516650,-0.127747
2022-06-30,241065.641992,0,241065.641992,1.410656,-0.164484
2022-07-01,235905.341992,0,235905.341992,1.359053,-0.182369
2022-07-05,242819.338867,0,242819.338867,1.428193,-0.158406
2022-07-06,245988.754492,0,245988.754492,1.459888,-0.147421
2022-07-07,245825.276382,0,245825.276382,1.458253,-0.147987
2022-07-08,245825.276382,0,245825.276382,1.458253,-0.147987
2022-07-11,245825.276382,0,245825.276382,1.458253,-0.147987
2022-07-12,245825.276382,0,245825.276382,1.458253,-0.147987
2022-07-13,245825.276382,0,245825.276382,1.458253,-0.147987
2022-07-14,245825.276382,0,245825.276382,1.458253,-0.147987
2022-07-15,245825.276382,0,245825.276382,1.458253,-0.147987
2022-07-18,245825.276382,0,245825.276382,1.458253,-0.147987
2022-07-19,245825.276382,0,245825.276382,1.458253,-0.147987
2022-07-20,245825.276382,0,245825.276382,1.458253,-0.147987
2022-07-21,248972.264477,0,248972.264477,1.489723,-0.137080
2022-07-22,248335.501704,0,248335.501704,1.483355,-0.139287
2022-07-25,247252.922713,0,247252.922713,1.472529,-0.143039
2022-07-26,245250.156478,0,245250.156478,1.452502,-0.149981
2022-07-27,249291.049928,0,249291.049928,1.492910,-0.135975
2022-07-28,250538.506069,0,250538.506069,1.505385,-0.131652
2022-07-29,254849.668600,0,254849.668600,1.548497,-0.116709
2022-08-01,254435.753787,0,254435.753787,1.544358,-0.118144
2022-08-02,251642.796717,0,251642.796717,1.516428,-0.127824
2022-08-03,257476.151109,0,257476.151109,1.574762,-0.107606
2022-08-04,257580.862260,0,257580.862260,1.575809,-0.107243
2022-08-05,261262.288749,0,261262.288749,1.612623,-0.094484
2022-08-08,260071.934373,0,260071.934373,1.600719,-0.098609
2022-08-09,260024.136461,0,260024.136461,1.600241,-0.098775
2022-08-10,264906.789402,0,264906.789402,1.649068,-0.081852
2022-08-11,267156.758488,0,267156.758488,1.671568,-0.074054
2022-08-12,274343.758403,0,274343.758403,1.743438,-0.049144
2022-08-15,269725.076500,0,269725.076500,1.697251,-0.065152
2022-08-16,266431.534806,0,266431.534806,1.664315,-0.076567
2022-08-17,267231.966465,0,267231.966465,1.672320,-0.073793
2022-08-18,266082.164537,0,266082.164537,1.660822,-0.077778
2022-08-19,267502.506273,0,267502.506273,1.675025,-0.072856
2022-08-22,259385.309288,0,259385.309288,1.593853,-0.100989
2022-08-23,256976.597447,0,256976.597447,1.569766,-0.109338
2022-08-24,261032.235130,0,261032.235130,1.610322,-0.095281
2022-08-25,264849.438939,0,264849.438939,1.648494,-0.082051
2022-08-26,259685.251530,0,259685.251530,1.596853,-0.099950
2022-08-29,257189.056260,0,257189.056260,1.571891,-0.108601
2022-08-30,254336.755894,0,254336.755894,1.543368,-0.118487
2022-08-31,257293.681431,0,257293.681431,1.572937,-0.108239
2022-09-01,257255.472728,0,257255.472728,1.572555,-0.108371
2022-09-02,252172.591984,0,252172.591984,1.521726,-0.125988
2022-09-06,251779.709245,0,251779.709245,1.517797,-0.127350
2022-09-07,255348.682133,0,255348.682133,1.553487,-0.114980
2022-09-08,259503.411479,0,259503.411479,1.595034,-0.100580
2022-09-09,270544.229905,0,270544.229905,1.705442,-0.062313
2022-09-12,272046.849186,0,272046.849186,1.720468,-0.057105
2022-09-13,261931.111839,0,261931.111839,1.619311,-0.092166
2022-09-14,264290.372462,0,264290.372462,1.642904,-0.083989
2022-09-15,262204.342884,0,262204.342884,1.622043,-0.091219
2022-09-16,262082.171229,0,262082.171229,1.620822,-0.091642
2022-09-19,265493.334328,0,265493.334328,1.654933,-0.079819
2022-09-20,261724.018085,0,261724.018085,1.617240,-0.092883
2022-09-21,254133.522766,0,254133.522766,1.541335,-0.119192
2022-09-22,252232.200482,0,252232.200482,1.522322,-0.125781
2022-09-23,243596.611664,0,243596.611664,1.435966,-0.155712
2022-09-26,245842.626514,0,245842.626514,1.458426,-0.147927
2022-09-27,249972.702088,0,249972.702088,1.499727,-0.133613
2022-09-28,249139.401428,0,249139.401428,1.491394,-0.136501
2022-09-29,241095.742792,0,241095.742792,1.410957,-0.164380
2022-09-30,242941.473613,0,242941.473613,1.429415,-0.157982
2022-10-03,240621.906426,0,240621.906426,1.406219,-0.166022
2022-10-04,242411.563457,0,242411.563457,1.424116,-0.159819
2022-10-05,235742.718144,0,235742.718144,1.357427,-0.182933
2022-10-06,237984.280644,0,237984.280644,1.379843,-0.175164
2022-10-07,237832.636375,0,237832.636375,1.378326,-0.175689
2022-10-10,237832.636375,0,237832.636375,1.378326,-0.175689
2022-10-11,237832.636375,0,237832.636375,1.378326,-0.175689
2022-10-12,237832.636375,0,237832.636375,1.378326,-0.175689
2022-10-13,237832.636375,0,237832.636375,1.378326,-0.175689
2022-10-14,237832.636375,0,237832.636375,1.378326,-0.175689
2022-10-17,237832.636375,0,237832.636375,1.378326,-0.175689
2022-10-18,237832.636375,0,237832.636375,1.378326,-0.175689
2022-10-19,237832.636375,0,237832.636375,1.378326,-0.175689
2022-10-20,237832.636375,0,237832.636375,1.378326,-0.175689
2022-10-21,237832.636375,0,237832.636375,1.378326,-0.175689
2022-10-24,237832.636375,0,237832.636375,1.378326,-0.175689
2022-10-25,237832.636375,0,237832.636375,1.378326,-0.175689
2022-10-26,237832.636375,0,237832.636375,1.378326,-0.175689
2022-10-27,237832.636375,0,237832.636375,1.378326,-0.175689
2022-10-28,237832.636375,0,237832.636375,1.378326,-0.175689
2022-10-31,237832.636375,0,237832.636375,1.378326,-0.175689
2022-11-01,237832.636375,0,237832.636375,1.378326,-0.175689
2022-11-02,237832.636375,0,237832.636375,1.378326,-0.175689
2022-11-03,237832.636375,0,237832.636375,1.378326,-0.175689
2022-11-04,237832.636375,0,237832.636375,1.378326,-0.175689
2022-11-07,237832.636375,0,237832.636375,1.378326,-0.175689
2022-11-08,237832.636375,0,237832.636375,1.378326,-0.175689
2022-11-09,237832.636375,0,237832.636375,1.378326,-0.175689
2022-11-10,237832.636375,0,237832.636375,1.378326,-0.175689
2022-11-11,237832.636375,0,237832.636375,1.378326,-0.175689
2022-11-14,237712.638311,0,237712.638311,1.377126,-0.176105
2022-11-15,237902.032036,0,237902.032036,1.379020,-0.175449
2022-11-16,237731.185271,0,237731.185271,1.377312,-0.176041
2022-11-17,237663.182036,0,237663.182036,1.376632,-0.176277
2022-11-18,237763.780516,0,237763.780516,1.377638,-0.175928
2022-11-21,237682.852379,0,237682.852379,1.376829,-0.176208
2022-11-22,237981.274242,0,237981.274242,1.379813,-0.175174
2022-11-23,238122.899340,0,238122.899340,1.381229,-0.174683
2022-11-25,238030.459365,0,238030.459365,1.380305,-0.175004
2022-11-28,236865.204452,0,236865.204452,1.368652,-0.179042
2022-11-29,236796.719386,0,236796.719386,1.367967,-0.179280
2022-11-30,237496.408357,0,237496.408357,1.374964,-0.176855
2022-12-01,237516.431376,0,237516.431376,1.375164,-0.176785
2022-12-02,237517.737462,0,237517.737462,1.375177,-0.176781
2022-12-05,236421.773446,0,236421.773446,1.364218,-0.180579
2022-12-06,234907.252492,0,234907.252492,1.349073,-0.185828
2022-12-07,234401.961202,0,234401.961202,1.344020,-0.187580
2022-12-08,235180.808590,0,235180.808590,1.351808,-0.184880
2022-12-09,234747.493435,0,234747.493435,1.347475,-0.186382
2022-12-12,236140.290258,0,236140.290258,1.361403,-0.181555
2022-12-13,236881.746352,0,236881.746352,1.368817,-0.178985
2022-12-14,236298.308044,0,236298.308044,1.362983,-0.181007
2022-12-15,233681.358718,0,233681.358718,1.336814,-0.190077
2022-12-16,232552.299364,0,232552.299364,1.325523,-0.193990
2022-12-19,231573.933028,0,231573.933028,1.315739,-0.197381
2022-12-20,231474.799751,0,231474.799751,1.314748,-0.197725
2022-12-21,232015.497017,0,232015.497017,1.320155,-0.195851
2022-12-22,231181.675288,0,231181.675288,1.311817,-0.198741
2022-12-23,231350.112862,0,231350.112862,1.313501,-0.198157
2022-12-27,231116.571236,0,231116.571236,1.311166,-0.198967
2022-12-28,230646.063118,0,230646.063118,1.306461,-0.200597
2022-12-29,231571.418690,0,231571.418690,1.315714,-0.197390
2022-12-30,231414.697218,0,231414.697218,1.314147,-0.197933
2023-01-03,231304.055580,0,231304.055580,1.313041,-0.198317
2023-01-04,230524.075810,0,230524.075810,1.305241,-0.201020
2023-01-05,229953.715092,0,229953.715092,1.299537,-0.202997
2023-01-06,230173.794682,0,230173.794682,1.301738,-0.202234
2023-01-09,230357.754887,0,230357.754887,1.303578,-0.201597
2023-01-10,230503.075810,0,230503.075810,1.305031,-0.201093
2023-01-11,230678.901908,0,230678.901908,1.306789,-0.200484
2023-01-12,230678.901908,0,230678.901908,1.306789,-0.200484
2023-01-13,230678.901908,0,230678.901908,1.306789,-0.200484
2023-01-17,230678.901908,0,230678.901908,1.306789,-0.200484
2023-01-18,230678.901908,0,230678.901908,1.306789,-0.200484
2023-01-19,230678.901908,0,230678.901908,1.306789,-0.200484
2023-01-20,230678.901908,0,230678.901908,1.306789,-0.200484
2023-01-23,230678.901908,0,230678.901908,1.306789,-0.200484
2023-01-24,230678.901908,0,230678.901908,1.306789,-0.200484
2023-01-25,230678.901908,0,230678.901908,1.306789,-0.200484
2023-01-26,230678.901908,0,230678.901908,1.306789,-0.200484
2023-01-27,230678.901908,0,230678.901908,1.306789,-0.200484
2023-01-30,230678.901908,0,230678.901908,1.306789,-0.200484
2023-01-31,230935.299877,0,230935.299877,1.309353,-0.199595
2023-02-01,231168.578624,0,231168.578624,1.311686,-0.198786
2023-02-02,231491.499218,0,231491.499218,1.314915,-0.197667
2023-02-03,231252.279613,0,231252.279613,1.312523,-0.198496
2023-02-06,230928.919764,0,230928.919764,1.309289,-0.199617
2023-02-07,231729.944300,0,231729.944300,1.317299,-0.196841
2023-02-08,227501.892357,0,227501.892357,1.275019,-0.211495
2023-02-09,225111.109835,0,225111.109835,1.251111,-0.219781
2023-02-10,225516.001885,0,225516.001885,1.255160,-0.218378
2023-02-13,223951.587944,0,223951.587944,1.239516,-0.223800
2023-02-14,229932.236202,0,229932.236202,1.299322,-0.203071
2023-02-15,233499.582250,0,233499.582250,1.334996,-0.190707
2023-02-16,229151.861742,0,229151.861742,1.291519,-0.205776
2023-02-17,226771.409127,0,226771.409127,1.267714,-0.214027
2023-02-21,235720.096694,0,235720.096694,1.357201,-0.183011
2023-02-22,239317.655437,0,239317.655437,1.393177,-0.170542
2023-02-23,239017.882937,0,239017.882937,1.390179,-0.171581
2023-02-24,233112.382930,0,233112.382930,1.331124,-0.192049
2023-02-27,228128.591317,0,228128.591317,1.281286,-0.209323
2023-02-28,228069.517382,0,228069.517382,1.280695,-0.209527
2023-03-01,224319.895360,0,224319.895360,1.243199,-0.222523
2023-03-02,221196.855281,0,221196.855281,1.211969,-0.233348
2023-03-03,224279.301903,0,224279.301903,1.242793,-0.222664
2023-03-06,223931.907546,0,223931.907546,1.239319,-0.223868
2023-03-07,221522.569775,0,221522.569775,1.215226,-0.232219
2023-03-08,220357.417757,0,220357.417757,1.203574,-0.236257
2023-03-09,217249.433428,0,217249.433428,1.172494,-0.247029
2023-03-10,216431.698635,0,216431.698635,1.164317,-0.249863
2023-03-13,217390.432360,0,217390.432360,1.173904,-0.246540
2023-03-14,220745.773351,0,220745.773351,1.207458,-0.234911
2023-03-15,220125.674628,0,220125.674628,1.201257,-0.237060
2023-03-16,222310.093381,0,222310.093381,1.223101,-0.229489
2023-03-17,221424.006882,0,221424.006882,1.214240,-0.232560
2023-03-20,222076.853965,0,222076.853965,1.220769,-0.230298
2023-03-21,223792.453852,0,223792.453852,1.237925,-0.224351
2023-03-22,221724.495209,0,221724.495209,1.217245,-0.231519
2023-03-23,222570.737031,0,222570.737031,1.225707,-0.228586
2023-03-24,222574.461176,0,222574.461176,1.225745,-0.228573
2023-03-27,222263.367298,0,222263.367298,1.222634,-0.229651
2023-03-28,221431.104078,0,221431.104078,1.214311,-0.232536
2023-03-29,223505.772401,0,223505.772401,1.235058,-0.225345
2023-03-30,224384.224665,0,224384.224665,1.243842,-0.222300
2023-03-31,228576.737731,0,228576.737731,1.285767,-0.207769
2023-04-03,227485.739746,0,227485.739746,1.274857,-0.211551
2023-04-04,226581.338770,0,226581.338770,1.265813,-0.214685
2023-04-05,222997.848657,0,222997.848657,1.229978,-0.227106
2023-04-06,225172.900476,0,225172.900476,1.251729,-0.219567
2023-04-10,223724.961621,0,223724.961621,1.237250,-0.224585
2023-04-11,224198.506690,0,224198.506690,1.241985,-0.222944
2023-04-12,224462.398242,0,224462.398242,1.244624,-0.222029
2023-04-13,223750.442004,0,223750.442004,1.237504,-0.224497
2023-04-14,218719.777136,0,218719.777136,1.187198,-0.241933
2023-04-17,219560.150801,0,219560.150801,1.195602,-0.239020
2023-04-18,217327.164559,0,217327.164559,1.173272,-0.246760
2023-04-19,218521.672933,0,218521.672933,1.185217,-0.242620
2023-04-20,216915.850863,0,216915.850863,1.169159,-0.248185
2023-04-21,211249.247774,0,211249.247774,1.112492,-0.267825
2023-04-24,212243.723958,0,212243.723958,1.122437,-0.264379
2023-04-25,213254.567000,0,213254.567000,1.132546,-0.260875
2023-04-26,212164.034200,0,212164.034200,1.121640,-0.264655
2023-04-27,215312.806539,0,215312.806539,1.153128,-0.253741
2023-04-28,215632.632821,0,215632.632821,1.156326,-0.252633
2023-05-01,214056.194930,0,214056.194930,1.140562,-0.258097
2023-05-02,215844.409603,0,215844.409603,1.158444,-0.251899
2023-05-03,216790.451473,0,216790.451473,1.167905,-0.248620
2023-05-04,216171.154158,0,216171.154158,1.161712,-0.250766
2023-05-05,216601.748653,0,216601.748653,1.166017,-0.249274
2023-05-08,214874.540694,0,214874.540694,1.148745,-0.255260
2023-05-09,214237.070271,0,214237.070271,1.142371,-0.257470
2023-05-10,215036.137592,0,215036.137592,1.150361,-0.254700
2023-05-11,214872.097065,0,214872.097065,1.148721,-0.255269
2023-05-12,214554.699079,0,214554.699079,1.145547,-0.256369
2023-05-15,214574.535041,0,214574.535041,1.145745,-0.256300
2023-05-16,214602.326460,0,214602.326460,1.146023,-0.256204
2023-05-17,215127.374873,0,215127.374873,1.151274,-0.254384
2023-05-18,216073.310175,0,216073.310175,1.160733,-0.251105
2023-05-19,216048.662019,0,216048.662019,1.160487,-0.251191
2023-05-22,216096.925251,0,216096.925251,1.160969,-0.251024
2023-05-23,214964.173994,0,214964.173994,1.149642,-0.254950
2023-05-24,214758.817512,0,214758.817512,1.147588,-0.255661
2023-05-25,216023.247529,0,216023.247529,1.160232,-0.251279
2023-05-26,217231.585127,0,217231.585127,1.172316,-0.247091
2023-05-30,217444.297431,0,217444.297431,1.174443,-0.246354
2023-05-31,217111.683271,0,217111.683271,1.171117,-0.247507
2023-06-01,218116.044636,0,218116.044636,1.181160,-0.244026
2023-06-02,218780.581587,0,218780.581587,1.187806,-0.241722
2023-06-05,218421.235798,0,218421.235798,1.184212,-0.242968
2023-06-06,219079.230876,0,219079.230876,1.190792,-0.240687
2023-06-07,218748.477543,0,218748.477543,1.187485,-0.241834
2023-06-08,221837.871235,0,221837.871235,1.218379,-0.231126
2023-06-09,224226.396959,0,224226.396959,1.242264,-0.222847
2023-06-12,226523.945924,0,226523.945924,1.265239,-0.214884
2023-06-13,228781.913292,0,228781.913292,1.287819,-0.207058
2023-06-14,228706.903624,0,228706.903624,1.287069,-0.207318
2023-06-15,229926.227256,0,229926.227256,1.299262,-0.203092
2023-06-16,230209.777061,0,230209.777061,1.302098,-0.202109
2023-06-20,232960.471403,0,232960.471403,1.329605,-0.192576
2023-06-21,228926.220030,0,228926.220030,1.289262,-0.206558
2023-06-22,231159.243388,0,231159.243388,1.311592,-0.198819
2023-06-23,228772.079722,0,228772.079722,1.287721,-0.207092
2023-06-26,224429.828865,0,224429.828865,1.244298,-0.222142
2023-06-27,227677.017164,0,227677.017164,1.276770,-0.210888
2023-06-28,229361.507817,0,229361.507817,1.293615,-0.205050
2023-06-29,229735.726579,0,229735.726579,1.297357,-0.203753
2023-06-30,232136.537132,0,232136.537132,1.321365,-0.195431
2023-07-03,235815.603410,0,235815.603410,1.358156,-0.182680
2023-07-05,236200.959471,0,236200.959471,1.362010,-0.181344
2023-07-06,234987.793748,0,234987.793748,1.349878,-0.185549
2023-07-07,233957.595378,0,233957.595378,1.339576,-0.189120
2023-07-10,232160.258830,0,232160.258830,1.321603,-0.195349
2023-07-11,232296.308775,0,232296.308775,1.322963,-0.194878
2023-07-12,233618.333720,0,233618.333720,1.336183,-0.190296
2023-07-13,235675.258433,0,235675.258433,1.356753,-0.183167
2023-07-14,236667.637614,0,236667.637614,1.366676,-0.179727
2023-07-17,239406.891545,0,239406.891545,1.394069,-0.170233
2023-07-18,241210.510679,0,241210.510679,1.412105,-0.163982
2023-07-19,240705.639775,0,240705.639775,1.407056,-0.165732
2023-07-20,233158.247593,0,233158.247593,1.331582,-0.191890
2023-07-21,232067.925608,0,232067.925608,1.320679,-0.195669
2023-07-24,234465.431840,0,234465.431840,1.344654,-0.187360
2023-07-25,234250.464647,0,234250.464647,1.342505,-0.188105
2023-07-26,233229.715928,0,233229.715928,1.332297,-0.191643
2023-07-27,230372.456190,0,230372.456190,1.303725,-0.201546
2023-07-28,234052.982048,0,234052.982048,1.340530,-0.188789
2023-07-31,234251.238066,0,234251.238066,1.342512,-0.188102
2023-08-01,232622.528910,0,232622.528910,1.326225,-0.193747
2023-08-02,229541.839558,0,229541.839558,1.295418,-0.204425
2023-08-03,230353.058281,0,230353.058281,1.303531,-0.201613
2023-08-04,227482.789741,0,227482.789741,1.274828,-0.211561
2023-08-07,226751.741725,0,226751.741725,1.267517,-0.214095
2023-08-08,226124.255800,0,226124.255800,1.261243,-0.216270
2023-08-09,223703.588640,0,223703.588640,1.237036,-0.224659
2023-08-10,224440.655882,0,224440.655882,1.244407,-0.222105
2023-08-11,223643.764695,0,223643.764695,1.236438,-0.224867
2023-08-14,223624.944667,0,223624.944667,1.236249,-0.224932
2023-08-15,221351.805005,0,221351.805005,1.213518,-0.232811
2023-08-16,219832.722570,0,219832.722570,1.198327,-0.238076
2023-08-17,219717.207998,0,219717.207998,1.197172,-0.238476
2023-08-18,219727.791567,0,219727.791567,1.197278,-0.238439
2023-08-21,219870.927382,0,219870.927382,1.198709,-0.237943
2023-08-22,219810.951259,0,219810.951259,1.198110,-0.238151
2023-08-23,220056.903505,0,220056.903505,1.200569,-0.237299
2023-08-24,219747.448305,0,219747.448305,1.197474,-0.238371
2023-08-25,219902.679628,0,219902.679628,1.199027,-0.237833
2023-08-28,220043.296059,0,220043.296059,1.200433,-0.237346
2023-08-29,220004.298074,0,220004.298074,1.200043,-0.237481
2023-08-30,220004.298074,0,220004.298074,1.200043,-0.237481
2023-08-31,220004.298074,0,220004.298074,1.200043,-0.237481
2023-09-01,220004.298074,0,220004.298074,1.200043,-0.237481
2023-09-05,220004.298074,0,220004.298074,1.200043,-0.237481
2023-09-06,220004.298074,0,220004.298074,1.200043,-0.237481
2023-09-07,220004.298074,0,220004.298074,1.200043,-0.237481
2023-09-08,220004.298074,0,220004.298074,1.200043,-0.237481
2023-09-11,220004.298074,0,220004.298074,1.200043,-0.237481
2023-09-12,220004.298074,0,220004.298074,1.200043,-0.237481
2023-09-13,220004.298074,0,220004.298074,1.200043,-0.237481
2023-09-14,220004.298074,0,220004.298074,1.200043,-0.237481
2023-09-15,220004.298074,0,220004.298074,1.200043,-0.237481
2023-09-18,220004.298074,0,220004.298074,1.200043,-0.237481
2023-09-19,220004.298074,0,220004.298074,1.200043,-0.237481
2023-09-20,220004.298074,0,220004.298074,1.200043,-0.237481
2023-09-21,219514.673848,0,219514.673848,1.195147,-0.239178
2023-09-22,217426.415380,0,217426.415380,1.174264,-0.246416
2023-09-25,217833.645497,0,217833.645497,1.178336,-0.245004
2023-09-26,217279.733495,0,217279.733495,1.172797,-0.246924
2023-09-27,216321.451049,0,216321.451049,1.163215,-0.250245
2023-09-28,216951.644335,0,216951.644335,1.169516,-0.248061
2023-09-29,216607.107769,0,216607.107769,1.166071,-0.249255
2023-10-02,216796.278008,0,216796.278008,1.167963,-0.248600
2023-10-03,214675.087688,0,214675.087688,1.146751,-0.255952
2023-10-04,217051.206756,0,217051.206756,1.170512,-0.247716
2023-10-05,216104.101037,0,216104.101037,1.161041,-0.250999
2023-10-06,218435.158392,0,218435.158392,1.184352,-0.242919
2023-10-09,217153.861687,0,217153.861687,1.171539,-0.247360
2023-10-10,218645.886669,0,218645.886669,1.186459,-0.242189
2023-10-11,220678.521117,0,220678.521117,1.206785,-0.235144
2023-10-12,217689.790966,0,217689.790966,1.176898,-0.245503
2023-10-13,218857.343310,0,218857.343310,1.188573,-0.241456
2023-10-16,219431.358742,0,219431.358742,1.194314,-0.239467
2023-10-17,221124.833086,0,221124.833086,1.211248,-0.233597
2023-10-18,218848.270495,0,218848.270495,1.188483,-0.241488
2023-10-19,214136.165151,0,214136.165151,1.141362,-0.257819
2023-10-20,211948.977578,0,211948.977578,1.119490,-0.265400
2023-10-23,211103.829293,0,211103.829293,1.111038,-0.268329
2023-10-24,210033.436988,0,210033.436988,1.100334,-0.272039
2023-10-25,209614.353785,0,209614.353785,1.096144,-0.273492
2023-10-26,200787.673266,0,200787.673266,1.007877,-0.304084
2023-10-27,201898.006677,0,201898.006677,1.018980,-0.300236
2023-10-30,203654.912536,0,203654.912536,1.036549,-0.294147
2023-10-31,203249.107885,0,203249.107885,1.032491,-0.295553
2023-11-01,204224.824304,0,204224.824304,1.042248,-0.292171
2023-11-02,203924.041882,0,203924.041882,1.039240,-0.293214
2023-11-03,204926.000768,0,204926.000768,1.049260,-0.289741
2023-11-06,200618.395306,0,200618.395306,1.006184,-0.304671
2023-11-07,200145.839056,0,200145.839056,1.001458,-0.306309
2023-11-08,198881.056945,0,198881.056945,0.988811,-0.310693
2023-11-09,201027.893224,0,201027.893224,1.010279,-0.303252
2023-11-10,201531.755992,0,201531.755992,1.015318,-0.301505
2023-11-13,201330.228594,0,201330.228594,1.013302,-0.302204
2023-11-14,201572.194347,0,201572.194347,1.015722,-0.301365
2023-11-15,201511.548200,0,201511.548200,1.015115,-0.301575
2023-11-16,202231.510224,0,202231.510224,1.022315,-0.299080
2023-11-17,201802.225022,0,201802.225022,1.018022,-0.300568
2023-11-20,202605.597865,0,202605.597865,1.026056,-0.297784
2023-11-21,202147.970587,0,202147.970587,1.021480,-0.299370
2023-11-22,202666.628201,0,202666.628201,1.026666,-0.297572
2023-11-24,202429.811843,0,202429.811843,1.024298,-0.298393
2023-11-27,202439.483166,0,202439.483166,1.024395,-0.298359
2023-11-28,202838.248184,0,202838.248184,1.028382,-0.296977
2023-11-29,202392.367617,0,202392.367617,1.023924,-0.298523
2023-11-30,202579.928173,0,202579.928173,1.025799,-0.297873
2023-12-01,202629.012597,0,202629.012597,1.026290,-0.297702
2023-12-04,201849.366622,0,201849.366622,1.018494,-0.300405
2023-12-05,202734.327984,0,202734.327984,1.027343,-0.297337
2023-12-06,202211.429599,0,202211.429599,1.022114,-0.299150
2023-12-07,202848.986798,0,202848.986798,1.028490,-0.296940
2023-12-08,203973.664719,0,203973.664719,1.039737,-0.293042
2023-12-11,202717.537378,0,202717.537378,1.027175,-0.297396
2023-12-12,202798.017685,0,202798.017685,1.027980,-0.297117
2023-12-13,204052.528513,0,204052.528513,1.040525,-0.292769
2023-12-14,205666.103543,0,205666.103543,1.056661,-0.287176
2023-12-15,206203.448218,0,206203.448218,1.062034,-0.285314
2023-12-18,205931.518790,0,205931.518790,1.059315,-0.286256
2023-12-19,207197.588019,0,207197.588019,1.071976,-0.281868
2023-12-20,204562.533261,0,204562.533261,1.045625,-0.291001
2023-12-21,206255.334875,0,206255.334875,1.062553,-0.285134
2023-12-22,205845.413538,0,205845.413538,1.058454,-0.286555
2023-12-26,206578.418777,0,206578.418777,1.065784,-0.284014
2023-12-27,207453.079309,0,207453.079309,1.074531,-0.280983
2023-12-28,206151.037961,0,206151.037961,1.061510,-0.285495
2023-12-29,205127.988416,0,205127.988416,1.051280,-0.289041
2024-01-02,203496.727866,0,203496.727866,1.034967,-0.294695
2024-01-03,201293.017206,0,201293.017206,1.012930,-0.302333
2024-01-04,200559.928333,0,200559.928333,1.005599,-0.304874
2024-01-05,200379.353333,0,200379.353333,1.003794,-0.305500
2024-01-08,202423.808435,0,202423.808435,1.024238,-0.298414
2024-01-09,201420.350821,0,201420.350821,1.014204,-0.301892
2024-01-10,202014.930896,0,202014.930896,1.020149,-0.299831
2024-01-11,200839.783154,0,200839.783154,1.008398,-0.303904
2024-01-12,199693.340231,0,199693.340231,0.996933,-0.307877
2024-01-16,199530.323279,0,199530.323279,0.995303,-0.308442
2024-01-17,198417.468744,0,198417.468744,0.984175,-0.312299
2024-01-18,198787.777215,0,198787.777215,0.987878,-0.311016
2024-01-19,199456.102136,0,199456.102136,0.994561,-0.308700
2024-01-22,198759.586950,0,198759.586950,0.987596,-0.311114
2024-01-23,199376.333751,0,199376.333751,0.993763,-0.308976
2024-01-24,199648.883427,0,199648.883427,0.996489,-0.308031
2024-01-25,199933.408488,0,199933.408488,0.999334,-0.307045
2024-01-26,199839.796562,0,199839.796562,0.998398,-0.307370
2024-01-29,200418.410423,0,200418.410423,1.004184,-0.305364
2024-01-30,200323.705345,0,200323.705345,1.003237,-0.305692
2024-01-31,199190.742210,0,199190.742210,0.991907,-0.309619
2024-02-01,199917.039390,0,199917.039390,0.999170,-0.307102
2024-02-02,200669.815257,0,200669.815257,1.006698,-0.304493
2024-02-05,200206.555870,0,200206.555870,1.002066,-0.306098
2024-02-06,200265.556755,0,200265.556755,1.002656,-0.305894
2024-02-07,201043.556352,0,201043.556352,1.010436,-0.303198
2024-02-08,201058.336247,0,201058.336247,1.010583,-0.303146
2024-02-09,201632.936650,0,201632.936650,1.016329,-0.301155
2024-02-12,201265.656071,0,201265.656071,1.012657,-0.302428
2024-02-13,200189.094892,0,200189.094892,1.001891,-0.306159
2024-02-14,199514.248347,0,199514.248347,0.995142,-0.308498
2024-02-15,199656.285834,0,199656.285834,0.996563,-0.308006
2024-02-16,202552.409272,0,202552.409272,1.025524,-0.297968
2024-02-20,202793.179200,0,202793.179200,1.027932,-0.297133
2024-02-21,201562.925971,0,201562.925971,1.015629,-0.301397
2024-02-22,201602.878736,0,201602.878736,1.016029,-0.301259
2024-02-23,194522.412464,0,194522.412464,0.945224,-0.325799
2024-02-26,185197.254395,0,185197.254395,0.851973,-0.358120
2024-02-27,191039.452796,0,191039.452796,0.910395,-0.337871
2024-02-28,189144.506019,0,189144.506019,0.891445,-0.344439
2024-02-29,188832.964557,0,188832.964557,0.888330,-0.345519
2024-03-01,187675.313972,0,187675.313972,0.876753,-0.349531
2024-03-04,188509.819019,0,188509.819019,0.885098,-0.346639
2024-03-05,187345.812552,0,187345.812552,0.873458,-0.350673
2024-03-06,187433.485074,0,187433.485074,0.874335,-0.350369
2024-03-07,188155.584189,0,188155.584189,0.881556,-0.347866
2024-03-08,187807.983462,0,187807.983462,0.878080,-0.349071
2024-03-11,187671.930520,0,187671.930520,0.876719,-0.349543
2024-03-12,188665.556668,0,188665.556668,0.886656,-0.346099
2024-03-13,188613.894302,0,188613.894302,0.886139,-0.346278
2024-03-14,189246.207998,0,189246.207998,0.892462,-0.344086
2024-03-15,188403.231570,0,188403.231570,0.884032,-0.347008
2024-03-18,188611.755099,0,188611.755099,0.886118,-0.346285
2024-03-19,189026.502640,0,189026.502640,0.890265,-0.344848
2024-03-20,189516.745108,0,189516.745108,0.895167,-0.343149
2024-03-21,189879.717587,0,189879.717587,0.898797,-0.341891
2024-03-22,189788.943735,0,189788.943735,0.897889,-0.342205
2024-03-25,189322.359286,0,189322.359286,0.893224,-0.343822
2024-03-26,189193.956790,0,189193.956790,0.891940,-0.344267
2024-03-27,189391.895993,0,189391.895993,0.893919,-0.343581
2024-03-28,189339.163760,0,189339.163760,0.893392,-0.343764
2024-04-01,189554.244504,0,189554.244504,0.895542,-0.343019
2024-04-02,189181.268796,0,189181.268796,0.891813,-0.344311
2024-04-03,189142.356833,0,189142.356833,0.891424,-0.344446
2024-04-04,188659.748007,0,188659.748007,0.886597,-0.346119
2024-04-05,189436.250223,0,189436.250223,0.894363,-0.343428
2024-04-08,189387.719644,0,189387.719644,0.893877,-0.343596
2024-04-09,189530.907596,0,189530.907596,0.895309,-0.343100
2024-04-10,189073.599740,0,189073.599740,0.890736,-0.344685
2024-04-11,189577.700827,0,189577.700827,0.895777,-0.342937
2024-04-12,188822.359207,0,188822.359207,0.888224,-0.345555
2024-04-15,187953.316904,0,187953.316904,0.879533,-0.348567
2024-04-16,187971.774356,0,187971.774356,0.879718,-0.348503
2024-04-17,187641.674478,0,187641.674478,0.876417,-0.349647
2024-04-18,187081.192044,0,187081.192044,0.870812,-0.351590
2024-04-19,186521.315170,0,186521.315170,0.865213,-0.353531
2024-04-22,186867.858804,0,186867.858804,0.868679,-0.352329
2024-04-23,187602.757516,0,187602.757516,0.876028,-0.349782
2024-04-24,187691.471335,0,187691.471335,0.876915,-0.349475
2024-04-25,186922.427420,0,186922.427420,0.869224,-0.352140
2024-04-26,187515.615647,0,187515.615647,0.875156,-0.350084
2024-04-29,187241.297153,0,187241.297153,0.872413,-0.351035
2024-04-30,187149.495387,0,187149.495387,0.871495,-0.351353
2024-05-01,187149.495387,0,187149.495387,0.871495,-0.351353
2024-05-02,187327.257218,0,187327.257218,0.873273,-0.350737
2024-05-03,186638.312296,0,186638.312296,0.866383,-0.353125
2024-05-06,186078.666983,0,186078.666983,0.860787,-0.355065
2024-05-07,186383.883389,0,186383.883389,0.863839,-0.354007
2024-05-08,186248.713468,0,186248.713468,0.862487,-0.354475
2024-05-09,186353.069185,0,186353.069185,0.863531,-0.354114
2024-05-10,186361.494014,0,186361.494014,0.863615,-0.354084
2024-05-13,187119.661421,0,187119.661421,0.871197,-0.351457
2024-05-14,187283.575240,0,187283.575240,0.872836,-0.350889
2024-05-15,187584.438017,0,187584.438017,0.875844,-0.349846
2024-05-16,187604.597197,0,187604.597197,0.876046,-0.349776
2024-05-17,188403.058267,0,188403.058267,0.884031,-0.347009
2024-05-20,188053.941836,0,188053.941836,0.880539,-0.348219
2024-05-21,190866.395771,0,190866.395771,0.908664,-0.338471
2024-05-22,189140.875999,0,189140.875999,0.891409,-0.344451
2024-05-23,186901.113133,0,186901.113133,0.869011,-0.352214
2024-05-24,188779.082689,0,188779.082689,0.887791,-0.345705
2024-05-28,188256.604908,0,188256.604908,0.882566,-0.347516
2024-05-29,191050.179894,0,191050.179894,0.910502,-0.337834
2024-05-30,194181.018067,0,194181.018067,0.941810,-0.326983
2024-05-31,194151.014973,0,194151.014973,0.941510,-0.327087
2024-06-03,194846.895533,0,194846.895533,0.948469,-0.324675
2024-06-04,194732.369697,0,194732.369697,0.947324,-0.325072
2024-06-05,194406.360758,0,194406.360758,0.944064,-0.326202
2024-06-06,196037.390800,0,196037.390800,0.960374,-0.320549
2024-06-07,201039.580018,0,201039.580018,1.010396,-0.303211
2024-06-10,200234.635181,0,200234.635181,1.002346,-0.306001
2024-06-11,202099.589939,0,202099.589939,1.020996,-0.299537
2024-06-12,205905.093873,0,205905.093873,1.059051,-0.286348
2024-06-13,206416.923179,0,206416.923179,1.064169,-0.284574
2024-06-14,206674.579682,0,206674.579682,1.066746,-0.283681
2024-06-17,209734.020829,0,209734.020829,1.097340,-0.273077
2024-06-18,208848.965882,0,208848.965882,1.088490,-0.276145
2024-06-20,207107.254667,0,207107.254667,1.071073,-0.282181
2024-06-21,209421.875336,0,209421.875336,1.094219,-0.274159
2024-06-24,206420.518708,0,206420.518708,1.064205,-0.284561
2024-06-25,208812.841733,0,208812.841733,1.088128,-0.276270
2024-06-26,213336.540226,0,213336.540226,1.133365,-0.260591
2024-06-27,213034.876075,0,213034.876075,1.130349,-0.261636
2024-06-28,212014.672452,0,212014.672452,1.120147,-0.265172
2024-07-01,215958.783045,0,215958.783045,1.159588,-0.251502
2024-07-02,220403.363959,0,220403.363959,1.204034,-0.236098
2024-07-03,223527.652851,0,223527.652851,1.235277,-0.225269
2024-07-05,227531.427900,0,227531.427900,1.275314,-0.211392
2024-07-08,227061.427836,0,227061.427836,1.270614,-0.213021
2024-07-09,225493.185923,0,225493.185923,1.254932,-0.218457
2024-07-10,226588.110538,0,226588.110538,1.265881,-0.214662
2024-07-11,220560.205833,0,220560.205833,1.205602,-0.235554
2024-07-12,222467.530115,0,222467.530115,1.224675,-0.228944
2024-07-15,224231.482368,0,224231.482368,1.242315,-0.222830
2024-07-16,226269.815409,0,226269.815409,1.262698,-0.215765
2024-07-17,229038.875651,0,229038.875651,1.290389,-0.206168
2024-07-18,225959.720130,0,225959.720130,1.259597,-0.216840
2024-07-19,226253.708259,0,226253.708259,1.262537,-0.215821
2024-07-22,229724.549262,0,229724.549262,1.297245,-0.203791
2024-07-23,227923.599625,0,227923.599625,1.279236,-0.210033
2024-07-24,220156.768104,0,220156.768104,1.201568,-0.236953
2024-07-25,218942.059855,0,218942.059855,1.189421,-0.241163
2024-07-26,218889.142481,0,218889.142481,1.188891,-0.241346
2024-07-29,220992.101963,0,220992.101963,1.209921,-0.234057
2024-07-30,216411.323160,0,216411.323160,1.164113,-0.249934
2024-07-31,219072.155179,0,219072.155179,1.190722,-0.240712
2024-08-01,215858.756458,0,215858.756458,1.158588,-0.251849
2024-08-02,212990.833521,0,212990.833521,1.129908,-0.261789
2024-08-05,206621.672184,0,206621.672184,1.066217,-0.283864
2024-08-06,208645.707118,0,208645.707118,1.086457,-0.276849
2024-08-07,206475.125673,0,206475.125673,1.064751,-0.284372
2024-08-08,205818.613481,0,205818.613481,1.058186,-0.286648
2024-08-09,206643.623790,0,206643.623790,1.066436,-0.283788
2024-08-12,206580.602892,0,206580.602892,1.065806,-0.284007
2024-08-13,209439.571441,0,209439.571441,1.094396,-0.274098
2024-08-14,207482.976748,0,207482.976748,1.074830,-0.280879
2024-08-15,209255.931194,0,209255.931194,1.092559,-0.274734
2024-08-16,205844.646792,0,205844.646792,1.058446,-0.286557
2024-08-19,206725.275472,0,206725.275472,1.067253,-0.283505
2024-08-20,207136.793796,0,207136.793796,1.071368,-0.282079
2024-08-21,207081.411423,0,207081.411423,1.070814,-0.282271
2024-08-22,207081.411423,0,207081.411423,1.070814,-0.282271
2024-08-23,207081.411423,0,207081.411423,1.070814,-0.282271
2024-08-26,207081.411423,0,207081.411423,1.070814,-0.282271
2024-08-27,207081.411423,0,207081.411423,1.070814,-0.282271
2024-08-28,207081.411423,0,207081.411423,1.070814,-0.282271
2024-08-29,207081.411423,0,207081.411423,1.070814,-0.282271
2024-08-30,206829.912487,0,206829.912487,1.068299,-0.283142
2024-09-03,205176.555872,0,205176.555872,1.051766,-0.288873
2024-09-04,205675.834563,0,205675.834563,1.056758,-0.287142
2024-09-05,204129.657347,0,204129.657347,1.041297,-0.292501
2024-09-06,205512.800060,0,205512.800060,1.055128,-0.287707
2024-09-09,204117.205913,0,204117.205913,1.041172,-0.292544
2024-09-10,204095.633382,0,204095.633382,1.040956,-0.292619
2024-09-11,205764.794194,0,205764.794194,1.057648,-0.286834
2024-09-12,204283.147451,0,204283.147451,1.042831,-0.291969
2024-09-13,204626.220360,0,204626.220360,1.046262,-0.290780
2024-09-16,205811.743419,0,205811.743419,1.058117,-0.286671
2024-09-17,205269.272432,0,205269.272432,1.052693,-0.288551
2024-09-18,206723.122447,0,206723.122447,1.067231,-0.283513
2024-09-19,208357.288842,0,208357.288842,1.083573,-0.277849
2024-09-20,207701.786891,0,207701.786891,1.077018,-0.280121
2024-09-23,206663.853044,0,206663.853044,1.066639,-0.283718
2024-09-24,207602.933092,0,207602.933092,1.076029,-0.280463
2024-09-25,208032.111043,0,208032.111043,1.080321,-0.278976
2024-09-26,207463.806566,0,207463.806566,1.074638,-0.280945
2024-09-27,208251.389104,0,208251.389104,1.082514,-0.278216
2024-09-30,209612.299581,0,209612.299581,1.096123,-0.273499
2024-10-01,207774.927526,0,207774.927526,1.077749,-0.279867
2024-10-02,208563.578267,0,208563.578267,1.085636,-0.277134
2024-10-03,207842.793499,0,207842.793499,1.078428,-0.279632
2024-10-04,209866.298375,0,209866.298375,1.098663,-0.272619
2024-10-07,207139.368593,0,207139.368593,1.071394,-0.282070
2024-10-08,209237.488939,0,209237.488939,1.092375,-0.274798
2024-10-09,209190.864904,0,209190.864904,1.091909,-0.274960
2024-10-10,208519.859740,0,208519.859740,1.085199,-0.277285
2024-10-11,202649.783202,0,202649.783202,1.026498,-0.297630
2024-10-14,205811.056939,0,205811.056939,1.058111,-0.286674
2024-10-15,202931.629604,0,202931.629604,1.029316,-0.296654
2024-10-16,201739.456954,0,201739.456954,1.017395,-0.300786
2024-10-17,199814.065242,0,199814.065242,0.998141,-0.307459
2024-10-18,201510.241896,0,201510.241896,1.015102,-0.301580
2024-10-21,200934.983233,0,200934.983233,1.009350,-0.303574
2024-10-22,201030.053997,0,201030.053997,1.010301,-0.303244
2024-10-23,200841.311816,0,200841.311816,1.008413,-0.303898
2024-10-24,210181.422263,0,210181.422263,1.101814,-0.271526
2024-10-25,214101.963333,0,214101.963333,1.141020,-0.257938
2024-10-28,212945.148123,0,212945.148123,1.129451,-0.261947
2024-10-29,212267.876032,0,212267.876032,1.122679,-0.264295
2024-10-30,211262.719376,0,211262.719376,1.112627,-0.267779
2024-10-31,206218.748184,0,206218.748184,1.062187,-0.285261
2024-11-01,206844.022031,0,206844.022031,1.068440,-0.283094
2024-11-04,206101.880493,0,206101.880493,1.061019,-0.285666
2024-11-05,207997.631421,0,207997.631421,1.079976,-0.279095
2024-11-06,217089.295535,0,217089.295535,1.170893,-0.247584
2024-11-07,218439.916473,0,218439.916473,1.184399,-0.242903
2024-11-08,222287.177502,0,222287.177502,1.222872,-0.229569
2024-11-11,225927.447638,0,225927.447638,1.259274,-0.216952
2024-11-12,221589.710733,0,221589.710733,1.215897,-0.231986
2024-11-13,222087.983649,0,222087.983649,1.220880,-0.230259
2024-11-14,218726.091919,0,218726.091919,1.187261,-0.241911
2024-11-15,219708.938471,0,219708.938471,1.197089,-0.238505
2024-11-18,223807.014133,0,223807.014133,1.238070,-0.224301
2024-11-19,225354.361487,0,225354.361487,1.253544,-0.218938
2024-11-20,224501.089934,0,224501.089934,1.245011,-0.221895
2024-11-21,224179.448247,0,224179.448247,1.241794,-0.223010
2024-11-22,226768.358135,0,226768.358135,1.267684,-0.214037
2024-11-25,224148.674773,0,224148.674773,1.241487,-0.223117
2024-11-26,224218.613396,0,224218.613396,1.242186,-0.222874
2024-11-27,223101.117778,0,223101.117778,1.231011,-0.226748
2024-11-29,225648.150334,0,225648.150334,1.256482,-0.217920
2024-12-02,228010.953679,0,228010.953679,1.280110,-0.209730
2024-12-03,226923.519573,0,226923.519573,1.269235,-0.213499
2024-12-04,228539.252158,0,228539.252158,1.285393,-0.207899
2024-12-05,231046.406425,0,231046.406425,1.310464,-0.199210
2024-12-06,234950.580833,0,234950.580833,1.349506,-0.185678
2024-12-09,235663.519523,0,235663.519523,1.356635,-0.183207
2024-12-10,237750.722263,0,237750.722263,1.377507,-0.175973
2024-12-11,242708.391959,0,242708.391959,1.427084,-0.158790
2024-12-12,241532.797672,0,241532.797672,1.415328,-0.162865
2024-12-13,244936.492057,0,244936.492057,1.449365,-0.151068
2024-12-16,250948.292478,0,250948.292478,1.509483,-0.130231
2024-12-17,254645.241856,0,254645.241856,1.546452,-0.117418
2024-12-18,244298.604423,0,244298.604423,1.442986,-0.153279
2024-12-19,243767.769248,0,243767.769248,1.437678,-0.155118
2024-12-20,241757.512656,0,241757.512656,1.417575,-0.162086
2024-12-23,243807.250785,0,243807.250785,1.438073,-0.154982
2024-12-24,250937.261137,0,250937.261137,1.509373,-0.130270
2024-12-26,249412.084446,0,249412.084446,1.494121,-0.135556
2024-12-27,243799.657352,0,243799.657352,1.437997,-0.155008
2024-12-30,239877.594981,0,239877.594981,1.398776,-0.168602
2024-12-31,236681.310612,0,236681.310612,1.366813,-0.179680
2025-01-02,230674.523405,0,230674.523405,1.306745,-0.200499
2025-01-03,237251.506309,0,237251.506309,1.372515,-0.177703
2025-01-06,238037.558170,0,238037.558170,1.380376,-0.174979
2025-01-07,233749.638956,0,233749.638956,1.337496,-0.189841
2025-01-08,234104.090263,0,234104.090263,1.341041,-0.188612
2025-01-10,232437.124155,0,232437.124155,1.324371,-0.194390
2025-01-13,233661.548228,0,233661.548228,1.336615,-0.190146
2025-01-14,232146.390037,0,232146.390037,1.321464,-0.195397
2025-01-15,239653.923625,0,239653.923625,1.396539,-0.169377
2025-01-16,235286.694072,0,235286.694072,1.352867,-0.184513
2025-01-17,238270.887553,0,238270.887553,1.382709,-0.174170
2025-01-21,236705.742346,0,236705.742346,1.367057,-0.179595
2025-01-22,235149.806457,0,235149.806457,1.351498,-0.184988
2025-01-23,234594.146527,0,234594.146527,1.345941,-0.186914
2025-01-24,232874.894740,0,232874.894740,1.328749,-0.192872
2025-01-27,232880.792207,0,232880.792207,1.328808,-0.192852
2025-01-28,232078.337530,0,232078.337530,1.320783,-0.195633
2025-01-29,230980.669269,0,230980.669269,1.309807,-0.199438
2025-01-30,233207.008551,0,233207.008551,1.332070,-0.191721
2025-01-31,234248.177081,0,234248.177081,1.342482,-0.188113
2025-02-03,230244.939007,0,230244.939007,1.302449,-0.201988
2025-02-04,232863.964630,0,232863.964630,1.328640,-0.192910
2025-02-05,229458.265533,0,229458.265533,1.294583,-0.204714
2025-02-06,228237.215521,0,228237.215521,1.282372,-0.208946
2025-02-07,224684.722528,0,224684.722528,1.246847,-0.221259
2025-02-10,224307.079391,0,224307.079391,1.243071,-0.222568
2025-02-11,224237.540048,0,224237.540048,1.242375,-0.222809
2025-02-12,223934.557565,0,223934.557565,1.239346,-0.223859
2025-02-13,224648.840743,0,224648.840743,1.246488,-0.221383
2025-02-14,225019.204965,0,225019.204965,1.250192,-0.220100
2025-02-18,224684.141573,0,224684.141573,1.246841,-0.221261
2025-02-19,226698.561898,0,226698.561898,1.266986,-0.214279
2025-02-20,224532.327584,0,224532.327584,1.245323,-0.221787
2025-02-21,224010.360384,0,224010.360384,1.240104,-0.223596
2025-02-24,223807.866341,0,223807.866341,1.238079,-0.224298
2025-02-25,223493.127511,0,223493.127511,1.234931,-0.225389
2025-02-26,222985.359872,0,222985.359872,1.229854,-0.227149
2025-02-27,222676.744686,0,222676.744686,1.226767,-0.228218
2025-02-28,222853.552132,0,222853.552132,1.228536,-0.227606
2025-03-03,222611.870626,0,222611.870626,1.226119,-0.228443
2025-03-04,222065.480611,0,222065.480611,1.220655,-0.230337
2025-03-05,222897.486532,0,222897.486532,1.228975,-0.227453
2025-03-06,220814.576107,0,220814.576107,1.208146,-0.234673
2025-03-07,221586.547777,0,221586.547777,1.215865,-0.231997
2025-03-10,219676.917805,0,219676.917805,1.196769,-0.238616
2025-03-11,218419.880131,0,218419.880131,1.184199,-0.242972
2025-03-12,218035.509992,0,218035.509992,1.180355,-0.244305
2025-03-13,217006.858909,0,217006.858909,1.170069,-0.247870
2025-03-14,217432.225959,0,217432.225959,1.174322,-0.246396
2025-03-17,217427.472056,0,217427.472056,1.174275,-0.246412
2025-03-18,218205.388409,0,218205.388409,1.182054,-0.243716
2025-03-19,217262.596222,0,217262.596222,1.172626,-0.246983
2025-03-20,217310.693487,0,217310.693487,1.173107,-0.246817
2025-03-21,217224.214536,0,217224.214536,1.172242,-0.247117
2025-03-24,217224.214536,0,217224.214536,1.172242,-0.247117
2025-03-25,217224.214536,0,217224.214536,1.172242,-0.247117
2025-03-26,217224.214536,0,217224.214536,1.172242,-0.247117
2025-03-27,217224.214536,0,217224.214536,1.172242,-0.247117
2025-03-28,217224.214536,0,217224.214536,1.172242,-0.247117
2025-03-31,217224.214536,0,217224.214536,1.172242,-0.247117
2025-04-01,217224.214536,0,217224.214536,1.172242,-0.247117
2025-04-02,217224.214536,0,217224.214536,1.172242,-0.247117
2025-04-03,217224.214536,0,217224.214536,1.172242,-0.247117
2025-04-04,217224.214536,0,217224.214536,1.172242,-0.247117
2025-04-07,217224.214536,0,217224.214536,1.172242,-0.247117
2025-04-08,217224.214536,0,217224.214536,1.172242,-0.247117
2025-04-09,217224.214536,0,217224.214536,1.172242,-0.247117
2025-04-10,217224.214536,0,217224.214536,1.172242,-0.247117
2025-04-11,217224.214536,0,217224.214536,1.172242,-0.247117
2025-04-14,217224.214536,0,217224.214536,1.172242,-0.247117
2025-04-15,217224.214536,0,217224.214536,1.172242,-0.247117
2025-04-16,217224.214536,0,217224.214536,1.172242,-0.247117
2025-04-17,217224.214536,0,217224.214536,1.172242,-0.247117
2025-04-21,217224.214536,0,217224.214536,1.172242,-0.247117
2025-04-22,217224.214536,0,217224.214536,1.172242,-0.247117
2025-04-23,217224.214536,0,217224.214536,1.172242,-0.247117
2025-04-24,217224.214536,0,217224.214536,1.172242,-0.247117
2025-04-25,217224.214536,0,217224.214536,1.172242,-0.247117
2025-04-28,217224.214536,0,217224.214536,1.172242,-0.247117
2025-04-29,217224.214536,0,217224.214536,1.172242,-0.247117
2025-04-30,217224.214536,0,217224.214536,1.172242,-0.247117
2025-05-01,217224.214536,0,217224.214536,1.172242,-0.247117
2025-05-02,217224.214536,0,217224.214536,1.172242,-0.247117
2025-05-05,217224.214536,0,217224.214536,1.172242,-0.247117
2025-05-06,217224.214536,0,217224.214536,1.172242,-0.247117
2025-05-07,216896.068972,0,216896.068972,1.168961,-0.248254
2025-05-08,219271.346884,0,219271.346884,1.192713,-0.240021
2025-05-09,222580.387338,0,222580.387338,1.225804,-0.228552
2025-05-12,228094.276077,0,228094.276077,1.280943,-0.209442
2025-05-13,231912.562954,0,231912.562954,1.319126,-0.196208
2025-05-14,235450.316677,0,235450.316677,1.354503,-0.183946
2025-05-15,234443.724282,0,234443.724282,1.344437,-0.187435
2025-05-16,236410.807851,0,236410.807851,1.364108,-0.180617
2025-05-19,234780.141109,0,234780.141109,1.347801,-0.186269
2025-05-20,235078.258846,0,235078.258846,1.350783,-0.185236
2025-05-21,232096.031923,0,232096.031923,1.320960,-0.195572
2025-05-22,233803.161654,0,233803.161654,1.338032,-0.189655
2025-05-23,232952.625374,0,232952.625374,1.329526,-0.192603
2025-05-27,239802.464028,0,239802.464028,1.398025,-0.168862
2025-05-28,238007.348153,0,238007.348153,1.380073,-0.175084
2025-05-29,238553.170583,0,238553.170583,1.385532,-0.173192
2025-05-30,235704.532979,0,235704.532979,1.357045,-0.183065
2025-06-02,235016.580880,0,235016.580880,1.350166,-0.185449
2025-06-03,235600.189809,0,235600.189809,1.356002,-0.183427
2025-06-04,232666.315737,0,232666.315737,1.326663,-0.193595
2025-06-05,221222.801345,0,221222.801345,1.212228,-0.233258
2025-06-06,224177.479763,0,224177.479763,1.241775,-0.223017
2025-06-09,227099.967421,0,227099.967421,1.271000,-0.212888
2025-06-10,231597.579787,0,231597.579787,1.315976,-0.197299
2025-06-11,231091.778612,0,231091.778612,1.310918,-0.199053
2025-06-12,229834.279146,0,229834.279146,1.298343,-0.203411
2025-06-13,230403.993910,0,230403.993910,1.304040,-0.201436
2025-06-16,231148.873208,0,231148.873208,1.311489,-0.198855
2025-06-17,227313.893241,0,227313.893241,1.273139,-0.212146
2025-06-18,229565.794633,0,229565.794633,1.295658,-0.204341
2025-06-20,228530.044987,0,228530.044987,1.285300,-0.207931
2025-06-23,236798.261552,0,236798.261552,1.367983,-0.179274
2025-06-24,235354.515366,0,235354.515366,1.353545,-0.184278
2025-06-25,232276.106883,0,232276.106883,1.322761,-0.194948
2025-06-26,231638.764683,0,231638.764683,1.316388,-0.197157
2025-06-27,230768.464286,0,230768.464286,1.307685,-0.200173
2025-06-30,228484.849723,0,228484.849723,1.284848,-0.208088
2025-07-01,223801.266892,0,223801.266892,1.238013,-0.224321
2025-07-02,227715.783817,0,227715.783817,1.277158,-0.210753
2025-07-03,228292.685465,0,228292.685465,1.282927,-0.208754
2025-07-07,223410.224058,0,223410.224058,1.234102,-0.225676
2025-07-08,226995.634843,0,226995.634843,1.269956,-0.213249
2025-07-09,226870.658756,0,226870.658756,1.268707,-0.213683
2025-07-10,230062.488352,0,230062.488352,1.300625,-0.202620
2025-07-11,230264.972236,0,230264.972236,1.302650,-0.201918
2025-07-14,231984.220801,0,231984.220801,1.319842,-0.195959
2025-07-15,232578.045160,0,232578.045160,1.325780,-0.193901
2025-07-16,232958.539826,0,232958.539826,1.329585,-0.192582
2025-07-17,239632.944989,0,239632.944989,1.396329,-0.169449
2025-07-18,241319.775434,0,241319.775434,1.413198,-0.163603
2025-07-21,242763.804486,0,242763.804486,1.427638,-0.158598
2025-07-22,242080.964551,0,242080.964551,1.420810,-0.160965
2025-07-23,241807.711115,0,241807.711115,1.418077,-0.161912
2025-07-24,242408.163019,0,242408.163019,1.424082,-0.159831
2025-07-25,243598.703730,0,243598.703730,1.435987,-0.155704
2025-07-28,243474.898932,0,243474.898932,1.434749,-0.156134
2025-07-29,243330.677777,0,243330.677777,1.433307,-0.156633
2025-07-30,244548.284430,0,244548.284430,1.445483,-0.152413
2025-07-31,244404.425983,0,244404.425983,1.444044,-0.152912
2025-08-01,242254.900910,0,242254.900910,1.422549,-0.160362
2025-08-04,244156.983478,0,244156.983478,1.441570,-0.153769
2025-08-05,243438.843268,0,243438.843268,1.434388,-0.156259
2025-08-06,244973.131366,0,244973.131366,1.449731,-0.150941
2025-08-07,246524.502191,0,246524.502191,1.465245,-0.145564
2025-08-08,248594.281830,0,248594.281830,1.485943,-0.138390
2025-08-11,250282.531159,0,250282.531159,1.502825,-0.132539
2025-08-12,251578.659949,0,251578.659949,1.515787,-0.128046
2025-08-13,251040.341107,0,251040.341107,1.510403,-0.129912
2025-08-14,250073.947937,0,250073.947937,1.500739,-0.133262
2025-08-15,247500.747589,0,247500.747589,1.475007,-0.142180
2025-08-18,246290.568652,0,246290.568652,1.462906,-0.146375
2025-08-19,249080.207043,0,249080.207043,1.490802,-0.136706
2025-08-20,243471.384991,0,243471.384991,1.434714,-0.156146
2025-08-21,243171.284625,0,243171.284625,1.431713,-0.157186
2025-08-22,248499.300720,0,248499.300720,1.484993,-0.138719
2025-08-25,251163.431579,0,251163.431579,1.511634,-0.129486
2025-08-26,252752.622626,0,252752.622626,1.527526,-0.123978
2025-08-27,249480.339392,0,249480.339392,1.494803,-0.135319
2025-08-28,252493.650476,0,252493.650476,1.524937,-0.124875
2025-08-29,249167.637274,0,249167.637274,1.491676,-0.136403
2025-09-02,248397.252618,0,248397.252618,1.483973,-0.139073
2025-09-03,251029.901874,0,251029.901874,1.510299,-0.129948
2025-09-04,251933.218219,0,251933.218219,1.519332,-0.126818
2025-09-05,253333.155701,0,253333.155701,1.533332,-0.121966
2025-09-08,253501.081286,0,253501.081286,1.535011,-0.121384
2025-09-09,253235.419073,0,253235.419073,1.532354,-0.122304
2025-09-10,252309.107396,0,252309.107396,1.523091,-0.125515
2025-09-11,259558.484904,0,259558.484904,1.595585,-0.100389
2025-09-12,267649.803972,0,267649.803972,1.676498,-0.072345
2025-09-15,272268.916966,0,272268.916966,1.722689,-0.056336
2025-09-16,278979.300761,0,278979.300761,1.789793,-0.033078
2025-09-17,284196.801591,0,284196.801591,1.841968,-0.014994
2025-09-18,281523.550499,0,281523.550499,1.815236,-0.024260
2025-09-19,283813.047648,0,283813.047648,1.838130,-0.016324
2025-09-22,289028.321812,0,289028.321812,1.890283,0.000000
2025-09-23,285925.707335,0,285925.707335,1.859257,-0.010735
2025-09-24,289336.380345,0,289336.380345,1.893364,0.000000
2025-09-25,280568.159453,0,280568.159453,1.805682,-0.030305
2025-09-26,284648.604686,0,284648.604686,1.846486,-0.016202
2025-09-29,288069.666539,0,288069.666539,1.880697,-0.004378
2025-09-30,288799.657408,0,288799.657408,1.887997,-0.001855
2025-10-01,290048.525230,0,290048.525230,1.900485,0.000000
2025-10-02,285820.217290,0,285820.217290,1.858202,-0.014578
2025-10-03,282851.137901,0,282851.137901,1.828511,-0.024814
2025-10-06,290392.567290,0,290392.567290,1.903926,0.000000
2025-10-07,285145.072716,0,285145.072716,1.851451,-0.018070
2025-10-08,289531.236980,0,289531.236980,1.895312,-0.002966
2025-10-09,288563.925068,0,288563.925068,1.885639,-0.006297
2025-10-10,281328.812806,0,281328.812806,1.813288,-0.031212
2025-10-13,286648.890840,0,286648.890840,1.866489,-0.012892
2025-10-14,283702.355739,0,283702.355739,1.837024,-0.023039
2025-10-15,286534.063545,0,286534.063545,1.865341,-0.013287
2025-10-16,282383.157326,0,282383.157326,1.823832,-0.027581
2025-10-17,287512.884242,0,287512.884242,1.875129,-0.009917
2025-10-20,289585.915468,0,289585.915468,1.895859,-0.002778
2025-10-21,287598.449299,0,287598.449299,1.875984,-0.009622
2025-10-22,286296.670320,0,286296.670320,1.862967,-0.014105
2025-10-23,289033.594978,0,289033.594978,1.890336,-0.004680
2025-10-24,290374.499885,0,290374.499885,1.903745,-0.000062
2025-10-27,297691.176021,0,297691.176021,1.976912,0.000000
2025-10-28,295930.622474,0,295930.622474,1.959306,-0.005914
2025-10-29,298892.248903,0,298892.248903,1.988922,0.000000
2025-10-30,293248.011775,0,293248.011775,1.932480,-0.018884
2025-10-31,296004.664418,0,296004.664418,1.960047,-0.009661
2025-11-03,298310.336452,0,298310.336452,1.983103,-0.001947
2025-11-04,298755.515016,0,298755.515016,1.987555,-0.000457
2025-11-05,300706.382887,0,300706.382887,2.007064,0.000000
2025-11-06,297241.711384,0,297241.711384,1.972417,-0.011522
2025-11-07,292961.224116,0,292961.224116,1.929612,-0.025757
2025-11-10,290444.526643,0,290444.526643,1.904445,-0.034126
2025-11-11,290265.071437,0,290265.071437,1.902651,-0.034723
2025-11-12,286089.676863,0,286089.676863,1.860897,-0.048608
2025-11-13,280288.457997,0,280288.457997,1.802885,-0.067900
2025-11-14,282383.817073,0,282383.817073,1.823838,-0.060932
2025-11-17,281421.764400,0,281421.764400,1.814218,-0.064131
2025-11-18,275797.668007,0,275797.668007,1.757977,-0.082834
2025-11-19,277014.751222,0,277014.751222,1.770148,-0.078787
2025-11-20,274699.833047,0,274699.833047,1.746998,-0.086485
2025-11-21,274596.950845,0,274596.950845,1.745970,-0.086827
2025-11-24,273865.996435,0,273865.996435,1.738660,-0.089258
2025-11-25,274958.587451,0,274958.587451,1.749586,-0.085624
2025-11-26,275700.863232,0,275700.863232,1.757009,-0.083156
2025-11-28,275923.329390,0,275923.329390,1.759233,-0.082416
2025-12-01,276419.137593,0,276419.137593,1.764191,-0.080767
2025-12-02,276926.401460,0,276926.401460,1.769264,-0.079080
2025-12-03,276724.287593,0,276724.287593,1.767243,-0.079753
2025-12-04,276237.250288,0,276237.250288,1.762373,-0.081372
2025-12-05,276008.703804,0,276008.703804,1.760087,-0.082132
2025-12-08,275792.002241,0,275792.002241,1.757920,-0.082853
2025-12-09,275662.941890,0,275662.941890,1.756629,-0.083282
2025-12-10,276086.912007,0,276086.912007,1.760869,-0.081872
2025-12-11,276043.070991,0,276043.070991,1.760431,-0.082018
2025-12-12,275771.616109,0,275771.616109,1.757716,-0.082921
2025-12-15,275114.940913,0,275114.940913,1.751149,-0.085104
2025-12-16,275111.165523,0,275111.165523,1.751112,-0.085117
2025-12-17,274392.672359,0,274392.672359,1.743927,-0.087506
2025-12-18,275479.029791,0,275479.029791,1.754790,-0.083894
2025-12-19,275470.306879,0,275470.306879,1.754703,-0.083923
2025-12-22,276630.250452,0,276630.250452,1.766303,-0.080065
2025-12-23,276383.683856,0,276383.683856,1.763837,-0.080885
2025-12-24,279211.439805,0,279211.439805,1.792114,-0.071481
2025-12-26,276930.412529,0,276930.412529,1.769304,-0.079067
2025-12-29,277364.008439,0,277364.008439,1.773640,-0.077625
2025-12-30,276452.423417,0,276452.423417,1.764524,-0.080657
