path,total_return,terminal_wealth,max_drawdown,sharpe
0,0.493149,149315,-0.345038,0.456968
1,1.4227,242270,-0.186917,0.856802
2,0.227056,122706,-0.391045,0.272923
3,1.1324,213240,-0.25848,0.741383
4,0.736662,173666,-0.315484,0.586803
5,-0.167595,83240.5,-0.399572,-0.0824374
6,1.77772,277772,-0.235595,1.00482
7,1.05787,205787,-0.297796,0.761131
8,0.50304,150304,-0.327196,0.473663
9,0.680637,168064,-0.342822,0.557592
10,0.968208,196821,-0.311659,0.739535
11,0.388407,138841,-0.286991,0.402395
12,-0.356803,64319.7,-0.60224,-0.298406
13,0.771099,177110,-0.327626,0.60624
14,0.127176,112718,-0.42045,0.202341
15,0.472599,147260,-0.264474,0.439822
16,-0.309242,69075.8,-0.4094,-0.240734
17,1.61697,261697,-0.228921,0.986211
18,0.602113,160211,-0.315355,0.53543
19,3.31418,431418,-0.210193,1.28713
20,0.296587,129659,-0.324087,0.323522
21,0.632761,163276,-0.301717,0.52193
22,0.876101,187610,-0.348174,0.652069
23,2.0437,304370,-0.247284,0.990386
24,0.812565,181257,-0.45039,0.617557
25,2.67505,367505,-0.170138,1.33914
26,-0.183696,81630.4,-0.377618,-0.0822978
27,2.88275,388275,-0.197977,1.28038
28,1.13229,213229,-0.18125,0.745698
29,1.71777,271777,-0.23346,0.97495
30,0.557093,155709,-0.249791,0.51487
31,2.89648,389648,-0.228868,1.32924
32,1.33656,233656,-0.264881,0.83253
33,0.580111,158011,-0.463414,0.492536
34,0.137051,113705,-0.453273,0.208991
35,2.82219,382219,-0.276334,1.30016
36,0.83784,183784,-0.26409,0.624886
37,2.58605,358605,-0.27192,1.14557
38,2.58678,358678,-0.212185,1.19833
39,1.97358,297358,-0.201907,1.04497
40,1.37404,237404,-0.216333,0.849544
41,1.00346,200346,-0.250473,0.692832
42,1.56946,256946,-0.253509,0.969749
43,1.39833,239833,-0.239947,0.901255
44,0.712491,171249,-0.228442,0.583296
45,1.83553,283553,-0.207786,1.03887
46,0.182831,118283,-0.338103,0.243678
47,0.0545715,105457,-0.413063,0.140102
48,0.326215,132622,-0.229241,0.34949
49,2.52061,352061,-0.186543,1.21091
50,1.72035,272035,-0.186287,0.994651
51,0.982572,198257,-0.295314,0.693414
52,0.0790295,107903,-0.326755,0.161841
53,1.87073,287073,-0.253078,1.01554
54,2.34086,334086,-0.276955,1.13669
55,0.99359,199359,-0.275901,0.704437
56,1.17242,217242,-0.213706,0.760027
57,1.02449,202449,-0.153165,0.740022
58,0.862733,186273,-0.329334,0.668922
59,0.371656,137166,-0.324401,0.391683
60,0.423812,142381,-0.356969,0.408154
61,0.836581,183658,-0.282247,0.65101
62,0.212313,121231,-0.318155,0.268599
63,0.122186,112219,-0.367881,0.196989
64,-0.16942,83058,-0.453759,-0.0818082
65,2.17771,317771,-0.256273,1.0688
66,0.779773,177977,-0.464187,0.574046
67,0.123396,112340,-0.415233,0.196587
68,0.242337,124234,-0.286027,0.281592
69,0.932471,193247,-0.2465,0.685732
70,0.137984,113798,-0.425522,0.208992
71,0.341652,134165,-0.261407,0.35359
72,-0.0548043,94519.6,-0.532173,0.0397331
73,0.979671,197967,-0.287044,0.726263
74,4.05434,505434,-0.145815,1.55869
75,0.293895,129390,-0.453465,0.313279
76,0.140139,114014,-0.298567,0.20973
77,1.34046,234046,-0.252772,0.853816
78,2.89933,389933,-0.253755,1.28534
79,1.59352,259352,-0.20378,0.973869
80,0.481336,148134,-0.357766,0.440708
81,1.5214,252140,-0.301168,0.8935
82,0.308135,130814,-0.503953,0.332406
83,1.38509,238509,-0.226271,0.895022
84,3.19012,419012,-0.186778,1.40808
85,1.65556,265556,-0.225175,0.965809
86,0.46192,146192,-0.292626,0.414326
87,1.81751,281751,-0.187623,1.0231
88,3.98013,498013,-0.193447,1.54054
89,1.17537,217537,-0.288374,0.808344
90,1.30907,230907,-0.21612,0.838625
91,0.303149,130315,-0.256317,0.330641
92,0.64623,164623,-0.28708,0.545683
93,0.857254,185725,-0.3332,0.660966
94,0.951756,195176,-0.381518,0.701764
95,2.6506,365060,-0.19795,1.28482
96,3.01197,401197,-0.154543,1.31746
97,0.786013,178601,-0.308113,0.59509
98,0.58023,158023,-0.349066,0.500584
99,0.147659,114766,-0.510716,0.21559
100,0.257185,125718,-0.294898,0.300688
101,0.439787,143979,-0.419315,0.427174
102,0.682451,168245,-0.433154,0.581168
103,1.07257,207257,-0.398866,0.752315
104,1.00072,200072,-0.338201,0.684269
105,0.845868,184587,-0.347923,0.644335
106,0.931383,193138,-0.310025,0.684789
107,0.498208,149821,-0.434525,0.453268
108,0.328066,132807,-0.243284,0.350336
109,0.269491,126949,-0.392697,0.311073
110,0.96074,196074,-0.207008,0.671243
111,1.28056,228056,-0.508179,0.787543
112,4.69415,569415,-0.171732,1.69511
113,1.65123,265123,-0.177812,1.02223
114,0.155903,115590,-0.394839,0.222418
115,1.08157,208157,-0.228488,0.729492
116,1.38457,238457,-0.238561,0.883992
117,0.343823,134382,-0.261926,0.356372
118,1.29641,229641,-0.235011,0.81991
119,0.449382,144938,-0.286804,0.446947
120,0.989679,198968,-0.254716,0.690828
121,-0.00304634,99695.4,-0.291328,0.0960154
122,0.608251,160825,-0.336345,0.521381
123,0.237506,123751,-0.239549,0.288169
124,-0.23909,76091,-0.431493,-0.148566
125,0.0256135,102561,-0.476166,0.111494
126,0.939566,193957,-0.310906,0.691284
127,0.424826,142483,-0.300634,0.402777
128,0.756007,175601,-0.26161,0.596028
129,2.65574,365574,-0.288429,1.23988
130,1.14748,214748,-0.397067,0.749424
131,0.900806,190081,-0.328571,0.658696
132,1.14735,214735,-0.255402,0.780448
133,0.41705,141705,-0.235934,0.412084
134,0.749143,174914,-0.281023,0.592062
135,1.16527,216527,-0.355192,0.782311
136,1.49155,249155,-0.168509,0.943352
137,0.444593,144459,-0.38398,0.435361
138,0.62521,162521,-0.324808,0.531181
139,-0.0549641,94503.6,-0.451945,0.0438107
140,2.28175,328175,-0.255751,1.12582
141,1.01374,201374,-0.289428,0.774266
142,1.62042,262042,-0.285702,0.985305
143,1.69688,269688,-0.300035,0.967205
144,0.172999,117300,-0.381343,0.236264
145,0.783841,178384,-0.289408,0.647687
146,1.47966,247966,-0.223922,0.879995
147,0.808812,180881,-0.239077,0.626767
148,1.74351,274351,-0.295669,0.9762
149,0.0125705,101257,-0.38151,0.10793
150,1.67539,267539,-0.269301,0.992678
151,0.624493,162449,-0.309233,0.522166
152,1.45314,245314,-0.399639,0.847708
153,1.09536,209536,-0.320165,0.77273
154,1.20333,220333,-0.288606,0.791739
155,0.843558,184356,-0.26186,0.642036
156,0.828269,182827,-0.301845,0.640015
157,-0.14462,85538,-0.391644,-0.0546038
158,2.20502,320502,-0.14994,1.07599
159,0.403658,140366,-0.232152,0.40148
160,1.69488,269488,-0.233157,0.956502
161,0.56348,156348,-0.305374,0.493773
162,0.998469,199847,-0.306946,0.711165
163,1.52943,252943,-0.175358,0.898907
164,1.15842,215842,-0.271728,0.802936
165,1.18835,218835,-0.257864,0.76737
166,0.260926,126093,-0.216476,0.300194
167,1.38567,238567,-0.209799,0.902868
168,6.19151,719151,-0.140194,1.85223
169,1.05934,205934,-0.346747,0.739391
170,2.00673,300673,-0.340048,1.0675
171,2.16676,316676,-0.276181,1.11608
172,0.662993,166299,-0.356306,0.54873
173,0.887364,188736,-0.251388,0.675511
174,3.8099,480990,-0.16045,1.45373
175,1.29228,229228,-0.281281,0.847967
176,0.775377,177538,-0.287729,0.614736
177,1.39064,239064,-0.389187,0.904646
178,1.12598,212598,-0.340886,0.78278
179,5.27808,627808,-0.170007,1.70313
180,2.81215,381215,-0.202709,1.29184
181,1.10909,210909,-0.257773,0.77411
182,1.68535,268535,-0.292974,0.969339
183,0.657971,165797,-0.243267,0.547573
184,1.70988,270988,-0.237462,0.968459
185,1.60427,260427,-0.216145,0.972619
186,2.46289,346289,-0.221259,1.23292
187,2.17442,317442,-0.251844,1.1614
188,0.924609,192461,-0.199598,0.686724
189,0.723526,172353,-0.275508,0.579624
190,-0.253963,74603.7,-0.554015,-0.178869
191,4.54385,554385,-0.180111,1.66212
192,1.22682,222682,-0.28971,0.820624
193,0.339821,133982,-0.325166,0.370042
194,1.48267,248267,-0.228764,0.910669
195,2.63739,363739,-0.195695,1.29213
196,0.804491,180449,-0.444203,0.633585
197,0.339362,133936,-0.473023,0.35204
198,1.37384,237384,-0.297875,0.89512
199,0.455225,145523,-0.299652,0.427012
200,1.78511,278511,-0.224546,0.991173
201,1.68113,268113,-0.205989,0.950414
202,0.377416,137742,-0.304237,0.395734
203,-0.0366737,96332.6,-0.325875,0.0581001
204,2.64999,364999,-0.253835,1.20189
205,1.20665,220665,-0.232866,0.856368
206,1.61255,261255,-0.26649,0.939049
207,1.63262,263262,-0.239339,0.962083
208,1.40242,240242,-0.283895,0.863453
209,0.693011,169301,-0.28332,0.55955
210,1.3661,236610,-0.35512,0.831757
211,0.183411,118341,-0.40179,0.243418
212,0.838346,183835,-0.419439,0.652025
213,0.68753,168753,-0.354143,0.552723
214,2.14913,314913,-0.217435,1.13712
215,0.992596,199260,-0.259246,0.72068
216,4.66077,566077,-0.236789,1.59763
217,5.90312,690312,-0.150636,1.83833
218,0.31,131000,-0.32887,0.339378
219,0.450158,145016,-0.309024,0.435144
220,2.41004,341004,-0.168022,1.19721
221,4.05904,505904,-0.160338,1.63374
222,0.5466,154660,-0.20575,0.483057
223,1.20246,220246,-0.286294,0.799854
224,1.0187,201870,-0.400338,0.727258
225,0.820989,182099,-0.354046,0.607653
226,2.16093,316093,-0.202386,1.1136
227,1.80435,280435,-0.206069,1.01619
228,0.931883,193188,-0.17151,0.690614
229,0.349084,134908,-0.279161,0.368026
230,0.448102,144810,-0.226581,0.453813
231,-0.312537,68746.3,-0.354742,-0.213984
232,0.301859,130186,-0.382846,0.33374
233,0.437425,143742,-0.20787,0.423027
234,1.58084,258084,-0.158472,0.959775
235,0.549046,154905,-0.251121,0.485692
236,0.499386,149939,-0.303224,0.459336
237,0.931044,193104,-0.151238,0.683323
238,0.587332,158733,-0.358324,0.515546
239,0.280797,128080,-0.400602,0.311514
240,2.25036,325036,-0.244874,1.14752
241,4.17044,517044,-0.136608,1.5639
242,0.503759,150376,-0.239315,0.445971
243,0.965051,196505,-0.22219,0.677147
244,0.359249,135925,-0.376784,0.385569
245,1.44502,244502,-0.281044,0.895715
246,0.465897,146590,-0.308195,0.442096
247,0.646794,164679,-0.21049,0.52942
248,0.283728,128373,-0.275866,0.316183
249,0.477779,147778,-0.418457,0.455804
250,1.21641,221641,-0.359548,0.824039
251,1.15457,215457,-0.280409,0.730111
252,1.3279,232790,-0.213398,0.840002
253,1.22363,222363,-0.338424,0.807312
254,0.172821,117282,-0.219872,0.237353
255,0.518464,151846,-0.49233,0.453883
256,2.12414,312414,-0.172857,1.10543
257,1.16125,216125,-0.376186,0.75338
258,0.123432,112343,-0.331517,0.198093
259,1.16535,216535,-0.214808,0.803093
260,3.5554,455540,-0.179635,1.31586
261,2.41593,341593,-0.215186,1.20061
262,0.668781,166878,-0.254398,0.525132
263,1.08887,208887,-0.222102,0.741354
264,0.649576,164958,-0.355022,0.52781
265,0.562927,156293,-0.377722,0.476887
266,2.22534,322534,-0.169598,1.19792
267,1.06502,206502,-0.328439,0.699368
268,1.86551,286551,-0.286477,1.02565
269,0.693033,169303,-0.281431,0.547843
270,1.45538,245538,-0.321107,0.884559
271,-0.0430222,95697.8,-0.455405,0.054079
272,1.58919,258919,-0.263941,0.936753
273,3.19078,419078,-0.239686,1.42121
274,0.230633,123063,-0.368439,0.282316
275,0.855132,185513,-0.371695,0.657734
276,1.11546,211546,-0.203645,0.748899
277,1.65299,265299,-0.213191,0.92958
278,0.502647,150265,-0.195878,0.465069
279,1.57564,257564,-0.203427,0.932539
280,1.03878,203878,-0.221417,0.761292
281,2.18503,318503,-0.199061,1.07942
282,1.31575,231575,-0.402101,0.876711
283,-0.00239356,99760.6,-0.385099,0.092079
284,1.46684,246684,-0.244143,0.825709
285,0.62167,162167,-0.361931,0.516754
286,0.921171,192117,-0.255176,0.680231
287,1.81957,281957,-0.387163,0.983487
288,0.961712,196171,-0.345063,0.701732
289,1.39184,239184,-0.328667,0.853486
290,1.08294,208294,-0.308644,0.755282
291,2.11682,311682,-0.191413,1.1157
292,1.94146,294146,-0.296407,1.10456
293,1.08931,208931,-0.252229,0.732797
294,0.00577188,100577,-0.475903,0.0990877
295,2.61595,361595,-0.181762,1.12614
296,1.09074,209074,-0.365546,0.718359
297,0.217184,121718,-0.345447,0.265465
298,2.10517,310517,-0.182737,1.07598
299,0.936367,193637,-0.221172,0.703443
300,1.19901,219901,-0.260592,0.79172
301,5.05812,605812,-0.17949,1.77088
302,0.883182,188318,-0.480933,0.632914
303,4.52248,552248,-0.195676,1.5564
304,0.366401,136640,-0.365105,0.372374
305,1.43096,243096,-0.198983,0.839143
306,3.80849,480849,-0.183909,1.4413
307,2.7074,370740,-0.232234,1.29206
308,1.90724,290724,-0.265876,1.07594
309,1.35017,235017,-0.274202,0.886133
310,2.21267,321267,-0.265831,1.08218
311,2.95279,395279,-0.180722,1.35693
312,5.23291,623291,-0.153561,1.74496
313,2.62329,362329,-0.233909,1.20665
314,1.92783,292783,-0.171405,1.05252
315,1.05241,205241,-0.271298,0.711271
316,1.72652,272652,-0.213784,0.948272
317,0.333671,133367,-0.393488,0.358104
318,0.35235,135235,-0.261346,0.372101
319,0.785079,178508,-0.213634,0.619534
320,3.01963,401963,-0.148613,1.39578
321,0.849822,184982,-0.245177,0.63738
322,2.88343,388343,-0.319159,1.23609
323,0.864762,186476,-0.237575,0.655707
324,0.663794,166379,-0.356188,0.539831
325,0.873216,187322,-0.333877,0.666067
326,1.73809,273809,-0.1869,1.02143
327,1.84319,284319,-0.233242,1.02956
328,0.953486,195349,-0.242265,0.721064
329,0.541166,154117,-0.414814,0.471917
330,1.11829,211829,-0.193168,0.749717
331,0.169319,116932,-0.350226,0.23311
332,0.936708,193671,-0.207921,0.689979
333,2.3895,338950,-0.200384,1.15882
334,0.331629,133163,-0.264244,0.351864
335,2.14374,314374,-0.186246,1.11604
336,0.936745,193675,-0.343556,0.678203
337,0.800837,180084,-0.332256,0.62423
338,0.00518182,100518,-0.525474,0.0992885
339,2.55364,355364,-0.202835,1.33864
340,0.534801,153480,-0.40814,0.47958
341,-0.348388,65161.2,-0.575387,-0.269165
342,-0.275396,72460.4,-0.482259,-0.201265
343,3.62746,462746,-0.173156,1.45128
344,0.650118,165012,-0.276474,0.537086
345,0.835951,183595,-0.24177,0.633824
346,2.04804,304804,-0.236177,1.08817
347,0.0993297,109933,-0.418264,0.178518
348,0.285432,128543,-0.391138,0.321255
349,1.38718,238718,-0.154205,0.93197
350,0.371457,137146,-0.273356,0.378525
351,0.370324,137032,-0.311466,0.382676
352,1.2461,224610,-0.210557,0.808677
353,1.1624,216240,-0.31376,0.766758
354,2.70246,370246,-0.32888,1.21734
355,0.818167,181817,-0.371726,0.631294
356,-0.207842,79215.8,-0.471147,-0.101926
357,2.2991,329910,-0.192763,1.21407
358,0.28575,128575,-0.190383,0.338235
359,0.00221778,100222,-0.358336,0.101966
360,1.14469,214469,-0.369483,0.766625
361,3.24733,424733,-0.249001,1.3245
362,2.02318,302318,-0.246807,0.983086
363,1.33548,233548,-0.178466,0.867297
364,1.63868,263868,-0.289365,0.972996
365,1.1583,215830,-0.260249,0.772729
366,1.45394,245394,-0.18177,0.926003
367,1.1616,216160,-0.250703,0.754051
368,0.921048,192105,-0.287768,0.651692
369,1.11003,211003,-0.35226,0.766054
370,0.31731,131731,-0.450838,0.337946
371,3.31991,431991,-0.191497,1.37256
372,1.22917,222917,-0.226547,0.836349
373,2.13025,313025,-0.186349,1.10432
374,0.73911,173911,-0.304721,0.617904
375,0.548556,154856,-0.289988,0.473567
376,-0.0357769,96422.3,-0.353146,0.0596052
377,0.0383815,103838,-0.287226,0.127415
378,3.18293,418293,-0.244247,1.30432
379,2.91985,391985,-0.179094,1.27913
380,1.94756,294756,-0.252559,1.11766
381,2.18444,318444,-0.25886,1.10481
382,0.988758,198876,-0.246396,0.706908
383,1.17435,217435,-0.251324,0.82344
384,3.34872,434872,-0.184198,1.43054
385,2.70285,370285,-0.215966,1.27742
386,0.827055,182706,-0.175703,0.643603
387,0.724282,172428,-0.225324,0.568715
388,5.2662,626620,-0.176736,1.74965
389,1.34601,234601,-0.391251,0.891654
390,2.41457,341457,-0.153848,1.17688
391,2.11793,311793,-0.25664,1.14849
392,2.67379,367379,-0.205035,1.36216
393,1.25579,225579,-0.210316,0.790363
394,2.26068,326068,-0.161514,1.13275
395,2.01929,301929,-0.192585,1.07904
396,0.16628,116628,-0.329693,0.229416
397,0.665822,166582,-0.261426,0.568407
398,2.71356,371356,-0.228994,1.34443
399,1.81705,281705,-0.194068,1.04108
400,1.09933,209933,-0.369151,0.772697
401,-0.00637248,99362.8,-0.33306,0.0875338
402,0.167447,116745,-0.477228,0.23092
403,-0.550268,44973.2,-0.592599,-0.597152
404,1.50653,250653,-0.323697,0.910279
405,1.0807,208070,-0.312625,0.746309
406,0.286201,128620,-0.308175,0.321884
407,0.411768,141177,-0.309982,0.403224
408,0.263212,126321,-0.298657,0.305489
409,0.323247,132325,-0.22466,0.348928
410,2.11908,311908,-0.247085,1.10593
411,1.16421,216421,-0.230954,0.789742
412,0.262287,126229,-0.346929,0.297851
413,0.809876,180988,-0.269857,0.608226
414,0.572976,157298,-0.443588,0.488196
415,0.503349,150335,-0.432318,0.449226
416,1.24841,224841,-0.196556,0.811544
417,0.565096,156510,-0.26954,0.490328
418,1.3803,238030,-0.30846,0.852776
419,2.53548,353548,-0.398954,1.20809
420,0.736087,173609,-0.376417,0.571824
421,0.0256854,102569,-0.46039,0.112753
422,0.798589,179859,-0.236825,0.604369
423,1.58473,258473,-0.210225,0.928195
424,2.2451,324510,-0.294577,1.17721
425,1.22972,222972,-0.254249,0.862504
426,1.68009,268009,-0.176958,0.973328
427,1.28949,228949,-0.302404,0.814117
428,1.09847,209847,-0.245698,0.786203
429,0.417628,141763,-0.295303,0.410389
430,0.683915,168391,-0.229911,0.57199
431,1.48541,248541,-0.305633,0.864606
432,1.64258,264258,-0.186885,0.982128
433,0.602468,160247,-0.201026,0.533182
434,0.589511,158951,-0.305718,0.494938
435,1.09811,209811,-0.209414,0.769164
436,-0.0368313,96316.9,-0.397487,0.0613887
437,-0.177288,82271.2,-0.49184,-0.0839136
438,3.03673,403673,-0.157508,1.33043
439,0.44826,144826,-0.234228,0.437158
440,0.914954,191495,-0.208403,0.693319
441,0.0236819,102368,-0.405066,0.114353
442,0.0143237,101432,-0.371295,0.109314
443,0.539631,153963,-0.272481,0.488359
444,1.10186,210186,-0.26187,0.728231
445,0.755862,175586,-0.31251,0.616196
446,-0.140627,85937.3,-0.407425,-0.048979
447,0.438805,143880,-0.384736,0.410397
448,1.5867,258670,-0.204972,0.905995
449,0.636466,163647,-0.312602,0.561722
450,0.690564,169056,-0.227831,0.54641
451,0.170336,117034,-0.336088,0.231911
452,0.831227,183123,-0.260083,0.629319
453,0.863025,186302,-0.289874,0.673956
454,-0.030688,96931.2,-0.444443,0.0675201
455,1.87605,287605,-0.33798,1.04156
456,2.18734,318734,-0.298308,1.10289
457,0.320157,132016,-0.268629,0.342763
458,1.08547,208547,-0.22394,0.764191
459,1.32515,232515,-0.334609,0.804772
460,0.144926,114493,-0.289179,0.214965
461,3.03643,403643,-0.18484,1.26613
462,0.877945,187794,-0.226354,0.649036
463,0.173922,117392,-0.249158,0.235651
464,1.5882,258820,-0.29751,0.94424
465,2.87207,387207,-0.185163,1.31541
466,0.83263,183263,-0.363789,0.620558
467,0.776817,177682,-0.191125,0.595081
468,2.80002,380002,-0.156167,1.33292
469,0.456349,145635,-0.362291,0.422702
470,0.575882,157588,-0.207801,0.518371
471,0.766513,176651,-0.27824,0.588606
472,0.938065,193807,-0.219466,0.690864
473,0.807852,180785,-0.411233,0.627944
474,1.81509,281509,-0.369631,1.04946
475,0.0790267,107903,-0.410508,0.160629
476,0.415157,141516,-0.382134,0.402632
477,0.201158,120116,-0.44162,0.25753
478,-0.172185,82781.5,-0.379383,-0.0824782
479,0.966539,196654,-0.177937,0.65914
480,1.09103,209103,-0.343496,0.764157
481,1.48662,248662,-0.235961,0.879636
482,1.64936,264936,-0.262954,0.988912
483,2.64893,364893,-0.24124,1.3133
484,1.1855,218550,-0.239725,0.761959
485,0.978893,197889,-0.285641,0.694817
486,0.698761,169876,-0.329454,0.567109
487,0.746527,174653,-0.424371,0.574972
488,0.598573,159857,-0.312713,0.520601
489,1.93328,293328,-0.212425,1.05931
490,1.00417,200417,-0.278507,0.697915
491,2.49079,349079,-0.274956,1.13796
492,1.10218,210218,-0.253673,0.753389
493,0.470239,147024,-0.412869,0.424657
494,0.298989,129899,-0.450007,0.323225
495,0.427968,142797,-0.362856,0.426826
496,0.313988,131399,-0.365278,0.329888
497,1.42016,242016,-0.23532,0.893804
498,1.32001,232001,-0.17507,0.845625
499,1.24071,224071,-0.327297,0.808643
500,2.94942,394942,-0.164404,1.2217
501,1.19446,219446,-0.364511,0.754633
502,0.883317,188332,-0.170643,0.668332
503,0.964382,196438,-0.223308,0.712397
504,0.551788,155179,-0.35405,0.487734
505,1.43005,243005,-0.18771,0.92043
506,-0.101896,89810.4,-0.464856,-0.00654617
507,1.20651,220651,-0.187374,0.809026
508,0.550124,155012,-0.22928,0.486855
509,4.66603,566603,-0.198562,1.65432
510,2.13754,313754,-0.222881,1.17661
511,1.77723,277723,-0.250693,0.9956
512,3.2628,426280,-0.190115,1.34931
513,1.4119,241190,-0.263478,0.845734
514,0.736282,173628,-0.240368,0.603021
515,1.78387,278387,-0.240228,1.00999
516,0.327233,132723,-0.270579,0.35044
517,0.0985362,109854,-0.343586,0.177215
518,2.20023,320023,-0.210947,1.11819
519,1.03013,203013,-0.337744,0.720132
520,0.830132,183013,-0.304207,0.593857
521,1.87603,287603,-0.22718,1.01019
522,1.17406,217406,-0.311949,0.789118
523,0.821303,182130,-0.332447,0.616317
524,0.110162,111016,-0.333705,0.187053
525,0.412565,141256,-0.294545,0.391184
526,0.694677,169468,-0.368121,0.556149
527,0.569314,156931,-0.301338,0.485212
528,0.437003,143700,-0.302142,0.421691
529,0.0701078,107011,-0.357,0.154932
530,1.01903,201903,-0.21826,0.721354
531,0.0268516,102685,-0.268347,0.117798
532,1.16267,216267,-0.182182,0.815534
533,1.33817,233817,-0.243453,0.857405
534,3.85222,485222,-0.215066,1.53662
535,1.83213,283213,-0.241099,1.03093
536,2.93157,393157,-0.21713,1.32568
537,0.737579,173758,-0.213541,0.577284
538,0.674056,167406,-0.268779,0.573165
539,0.0154457,101545,-0.526566,0.112375
540,1.1298,212980,-0.331808,0.74578
541,0.96057,196057,-0.20773,0.656582
542,0.832413,183241,-0.278923,0.598629
543,0.618461,161846,-0.384909,0.525003
544,0.192686,119269,-0.230762,0.253736
545,0.667796,166780,-0.261734,0.545432
546,2.07855,307855,-0.262355,1.1386
547,0.840527,184053,-0.193262,0.654389
548,0.144436,114444,-0.269852,0.215602
549,1.48993,248993,-0.241217,0.914558
550,0.617463,161746,-0.253929,0.531043
551,2.31461,331461,-0.218419,1.23629
552,0.295619,129562,-0.327493,0.321017
553,0.768865,176886,-0.38313,0.571581
554,1.84736,284736,-0.271381,1.04762
555,1.19156,219156,-0.215104,0.819603
556,0.290771,129077,-0.253754,0.317559
557,1.39902,239902,-0.20701,0.859726
558,1.73999,273999,-0.253532,1.04134
559,1.95618,295618,-0.219273,1.06948
560,2.29235,329235,-0.171039,1.15631
561,2.88634,388634,-0.242399,1.31366
562,0.439842,143984,-0.376038,0.420311
563,2.10403,310403,-0.211566,1.05529
564,2.33428,333428,-0.166815,1.14091
565,3.51425,451425,-0.161568,1.37732
566,0.819033,181903,-0.252576,0.645416
567,0.415565,141557,-0.397388,0.409049
568,0.617659,161766,-0.313803,0.528872
569,0.297655,129765,-0.401222,0.323659
570,2.0626,306260,-0.191417,1.04637
571,2.63267,363267,-0.180244,1.27179
572,0.959983,195998,-0.299012,0.700655
573,2.33281,333281,-0.184876,1.17115
574,1.57023,257023,-0.399039,0.935609
575,0.978863,197886,-0.214379,0.683895
576,-0.0587344,94126.6,-0.359382,0.0313233
577,0.386805,138680,-0.246332,0.396029
578,3.0433,404330,-0.178804,1.38379
579,-0.0354902,96451,-0.310339,0.0561672
580,1.26782,226782,-0.294681,0.838319
581,0.437266,143727,-0.265921,0.412975
582,3.37919,437919,-0.254184,1.36701
583,0.653457,165346,-0.403888,0.537125
584,1.04985,204985,-0.186223,0.7704
585,2.7317,373170,-0.224859,1.24188
586,1.97044,297044,-0.434749,1.05763
587,2.64073,364073,-0.195958,1.20521
588,0.826049,182605,-0.264521,0.621177
589,0.401032,140103,-0.413203,0.40053
590,0.925937,192594,-0.317353,0.705387
591,0.17018,117018,-0.226236,0.236951
592,1.844,284400,-0.329535,1.03212
593,0.495838,149584,-0.373627,0.460873
594,2.22233,322233,-0.246533,1.17402
595,0.597102,159710,-0.203952,0.522962
596,0.584303,158430,-0.289998,0.508493
597,1.48595,248595,-0.255433,0.874727
598,1.61889,261889,-0.271681,0.935675
599,1.89516,289516,-0.198519,1.01003
600,1.61012,261012,-0.213732,0.933416
601,-0.118977,88102.3,-0.417606,-0.0300749
602,1.51069,251069,-0.353912,0.866285
603,1.38299,238299,-0.421288,0.906652
604,-0.0372289,96277.1,-0.478429,0.0577109
605,0.0138665,101387,-0.438054,0.100046
606,0.380404,138040,-0.421156,0.39048
607,1.02998,202998,-0.286034,0.709523
608,3.24792,424792,-0.183336,1.40792
609,0.472035,147204,-0.30073,0.457325
610,0.733904,173390,-0.289423,0.575627
611,-0.0680553,93194.5,-0.444822,0.0384267
612,0.819065,181906,-0.435033,0.634977
613,0.662055,166205,-0.361339,0.546125
614,0.526589,152659,-0.366015,0.462933
615,0.685123,168512,-0.258446,0.545616
616,1.2372,223720,-0.49441,0.81269
617,1.70447,270447,-0.220331,0.973905
618,1.55561,255561,-0.209461,0.941181
619,1.75674,275674,-0.303316,1.00125
620,0.1311,113110,-0.328521,0.205661
621,0.854946,185495,-0.244484,0.652926
622,0.672661,167266,-0.285537,0.557369
623,1.12681,212681,-0.25516,0.809177
624,3.17204,417204,-0.206949,1.32624
625,1.66106,266106,-0.257708,0.970523
626,2.08978,308978,-0.249857,1.07788
627,0.633766,163377,-0.320733,0.538509
628,0.454726,145473,-0.504152,0.424951
629,2.17663,317663,-0.196301,1.13525
630,0.707661,170766,-0.296219,0.574936
631,0.680368,168037,-0.283152,0.566511
632,0.286961,128696,-0.342492,0.313523
633,0.453949,145395,-0.297121,0.418366
634,2.45791,345791,-0.185222,1.16252
635,2.55612,355612,-0.222497,1.2168
636,2.57683,357683,-0.22144,1.14722
637,1.95951,295951,-0.245023,1.02926
638,2.71805,371805,-0.21403,1.16944
639,-0.0532734,94672.7,-0.516661,0.0480945
640,1.81848,281848,-0.241756,0.977746
641,1.09267,209267,-0.302623,0.769064
642,0.806992,180699,-0.347705,0.593494
643,1.53668,253668,-0.36658,0.937787
644,1.78307,278307,-0.331769,0.985459
645,0.685685,168568,-0.363756,0.538219
646,0.617854,161785,-0.290185,0.520627
647,0.66219,166219,-0.47237,0.535621
648,0.36133,136133,-0.318784,0.371826
649,-0.107955,89204.5,-0.350954,-0.0137425
650,0.928918,192892,-0.270545,0.664683
651,1.76664,276664,-0.233103,0.966236
652,3.16517,416517,-0.189482,1.36001
653,-0.00575754,99424.2,-0.372335,0.0909923
654,1.48859,248859,-0.127506,0.951844
655,0.508813,150881,-0.237462,0.463733
656,1.11093,211093,-0.167575,0.755214
657,-0.266823,73317.7,-0.463586,-0.185156
658,1.78706,278706,-0.351283,0.92574
659,4.66368,566368,-0.151365,1.66405
660,0.158586,115859,-0.279329,0.223796
661,2.67106,367106,-0.193013,1.33247
662,0.97998,197998,-0.366101,0.682612
663,0.385751,138575,-0.290613,0.383623
664,1.55292,255292,-0.246303,0.946363
665,-0.132669,86733.1,-0.497672,-0.0467477
666,1.53522,253522,-0.297968,0.902965
667,1.52336,252336,-0.285474,0.895662
668,0.861047,186105,-0.320315,0.654721
669,1.96222,296222,-0.197931,1.06303
670,1.19614,219614,-0.301653,0.776502
671,1.20059,220059,-0.264533,0.797694
672,2.1837,318370,-0.275799,1.08503
673,0.123519,112352,-0.349151,0.197669
674,1.93643,293643,-0.170155,1.04747
675,0.302867,130287,-0.541418,0.320022
676,0.645593,164559,-0.287976,0.517107
677,2.35677,335677,-0.222954,1.12863
678,1.38988,238988,-0.237508,0.878034
679,0.552317,155232,-0.401647,0.467965
680,1.27981,227981,-0.270586,0.898766
681,-0.00621235,99378.8,-0.28012,0.0860588
682,-0.400842,59915.8,-0.469627,-0.363179
683,1.39677,239677,-0.193857,0.959701
684,1.0493,204930,-0.224065,0.772488
685,0.30873,130873,-0.421713,0.332055
686,2.48061,348061,-0.281012,1.14473
687,1.78561,278561,-0.214673,0.99219
688,0.597403,159740,-0.238236,0.513417
689,1.17764,217764,-0.210046,0.82692
690,0.0739067,107391,-0.356568,0.158441
691,1.32567,232567,-0.161111,0.88488
692,2.10602,310602,-0.183325,1.11626
693,2.78373,378373,-0.171981,1.25465
694,0.330541,133054,-0.253988,0.35089
695,0.0490791,104908,-0.363141,0.135774
696,1.04794,204794,-0.302191,0.721991
697,1.42525,242525,-0.309138,0.880301
698,1.43919,243919,-0.189345,0.906472
699,0.901372,190137,-0.177414,0.664673
700,1.82615,282615,-0.234621,1.03902
701,0.958351,195835,-0.321413,0.69536
702,1.40349,240349,-0.176242,0.862071
703,1.14478,214478,-0.328629,0.752987
704,4.94369,594369,-0.224638,1.55724
705,1.73361,273361,-0.346994,0.967215
706,0.199755,119975,-0.274209,0.255696
707,0.825051,182505,-0.276694,0.608105
708,0.821945,182195,-0.325594,0.627012
709,0.309444,130944,-0.327195,0.333404
710,0.931207,193121,-0.263578,0.690165
711,1.40719,240719,-0.244065,0.88053
712,0.818769,181877,-0.260491,0.62055
713,-0.126371,87362.9,-0.46902,-0.0277994
714,0.820644,182064,-0.381366,0.584841
715,0.0262303,102623,-0.365392,0.112278
716,1.49775,249775,-0.249716,0.888368
717,0.573109,157311,-0.268063,0.514049
718,2.89928,389928,-0.206375,1.26493
719,1.48501,248501,-0.236781,0.914335
720,2.14135,314135,-0.19975,1.14151
721,1.99736,299736,-0.232086,1.03903
722,0.583175,158317,-0.364669,0.499274
723,2.97347,397347,-0.244242,1.36925
724,-0.307233,69276.7,-0.433872,-0.231752
725,2.34284,334284,-0.217523,1.14954
726,1.38493,238493,-0.26252,0.880904
727,0.31771,131771,-0.271399,0.349491
728,0.431085,143108,-0.311363,0.428351
729,0.730177,173018,-0.239943,0.603352
730,1.05505,205505,-0.351317,0.723486
731,1.31871,231871,-0.171175,0.84311
732,0.672287,167229,-0.307908,0.545962
733,0.471749,147175,-0.334194,0.430017
734,1.1538,215380,-0.240423,0.743237
735,0.127263,112726,-0.3564,0.200041
736,0.502942,150294,-0.418579,0.445234
737,0.817127,181713,-0.307917,0.641449
738,1.46842,246842,-0.247148,0.94093
739,0.638314,163831,-0.242597,0.531727
740,2.60035,360035,-0.184613,1.29832
741,0.0781297,107813,-0.387631,0.160821
742,1.02519,202519,-0.325774,0.736292
743,0.261627,126163,-0.324291,0.298118
744,0.193737,119374,-0.399425,0.251394
745,0.875875,187587,-0.328568,0.6238
746,0.869049,186905,-0.271745,0.648166
747,2.85042,385042,-0.254318,1.3114
748,0.885986,188599,-0.407284,0.609765
749,1.05134,205134,-0.219138,0.728856
750,1.30814,230814,-0.199695,0.869049
751,0.6673,166730,-0.325296,0.550212
752,1.9179,291790,-0.265796,1.05932
753,3.39103,439103,-0.17779,1.42867
754,1.81904,281904,-0.267391,1.09765
755,1.60748,260748,-0.338839,0.915345
756,-0.441686,55831.4,-0.590204,-0.44389
757,0.151564,115156,-0.358124,0.220043
758,1.43226,243226,-0.20081,0.881745
759,-0.226576,77342.4,-0.548431,-0.122789
760,2.59378,359378,-0.267289,1.20665
761,2.325,332500,-0.187002,1.20156
762,0.315017,131502,-0.334677,0.336703
763,0.218622,121862,-0.404439,0.27358
764,1.21607,221607,-0.28787,0.818959
765,-0.0735039,92649.6,-0.294589,0.023538
766,2.83392,383392,-0.182264,1.25014
767,0.746376,174638,-0.208597,0.595659
768,2.02193,302193,-0.262667,1.15671
769,4.468,546800,-0.149333,1.51878
770,1.68485,268485,-0.278614,1.00842
771,4.66515,566515,-0.151473,1.62997
772,1.68829,268829,-0.184883,0.936814
773,1.08114,208114,-0.322053,0.726612
774,0.982023,198202,-0.234521,0.716234
775,0.464635,146464,-0.494929,0.420223
776,0.978423,197842,-0.274827,0.706735
777,0.440496,144050,-0.259246,0.420782
778,0.906087,190609,-0.281356,0.671042
779,2.61816,361816,-0.253396,1.1781
780,2.08278,308278,-0.256866,1.06906
781,0.912563,191256,-0.36405,0.667972
782,1.12603,212603,-0.25743,0.769698
783,-0.0509542,94904.6,-0.332658,0.0582741
784,1.2064,220640,-0.19788,0.838701
785,2.66408,366408,-0.276701,1.24246
786,2.40851,340851,-0.202049,1.21448
787,1.19,219000,-0.263884,0.780171
788,0.495927,149593,-0.228397,0.466904
789,2.92692,392692,-0.182664,1.31036
790,2.4246,342460,-0.261438,1.29804
791,1.03033,203033,-0.265279,0.727954
792,1.62261,262261,-0.266341,0.941416
793,1.88693,288693,-0.211801,0.998814
794,2.30508,330508,-0.174489,1.22303
795,3.03726,403726,-0.358374,1.36438
796,1.15123,215123,-0.180198,0.792923
797,1.95102,295102,-0.267903,1.02338
798,1.40561,240561,-0.19205,0.836866
799,3.24301,424301,-0.28909,1.33705
800,0.723601,172360,-0.457003,0.567252
801,0.333716,133372,-0.394939,0.344885
802,0.919482,191948,-0.189323,0.686603
803,1.16387,216387,-0.289982,0.818407
804,1.9392,293920,-0.190704,1.08396
805,0.454835,145483,-0.350627,0.424455
806,1.05157,205157,-0.240667,0.764805
807,1.13096,213096,-0.224129,0.751388
808,0.372498,137250,-0.336721,0.379645
809,0.524499,152450,-0.510412,0.463375
810,0.45398,145398,-0.28521,0.448335
811,0.517593,151759,-0.311235,0.454037
812,0.274623,127462,-0.435476,0.311466
813,3.20035,420035,-0.29452,1.37845
814,1.42058,242058,-0.158874,0.883399
815,3.11176,411176,-0.298395,1.27574
816,-0.386624,61337.6,-0.636623,-0.352844
817,1.7202,272020,-0.310612,1.01717
818,1.9254,292540,-0.21328,0.961387
819,0.0729008,107290,-0.518785,0.157792
820,1.36828,236828,-0.26797,0.87104
821,3.12957,412957,-0.247257,1.32621
822,2.04959,304959,-0.255793,1.0283
823,0.59425,159425,-0.247306,0.503823
824,0.242275,124227,-0.38316,0.283679
825,0.263657,126366,-0.40113,0.2948
826,0.761692,176169,-0.325268,0.614617
827,0.962232,196223,-0.360109,0.688458
828,1.91579,291579,-0.328261,1.04801
829,1.15432,215432,-0.308509,0.759818
830,2.55677,355677,-0.337005,1.17158
831,2.95538,395538,-0.192871,1.30864
832,-0.0724121,92758.8,-0.385638,0.0243367
833,4.77154,577154,-0.134565,1.6159
834,1.28394,228394,-0.261453,0.816376
835,2.58438,358438,-0.173837,1.19174
836,-0.0416784,95832.2,-0.467689,0.0557367
837,2.09019,309019,-0.306719,1.06347
838,1.96387,296387,-0.257208,1.05445
839,0.767506,176751,-0.38323,0.579067
840,4.20632,520632,-0.274232,1.52413
841,1.14368,214368,-0.412681,0.761531
842,-0.574065,42593.5,-0.655707,-0.604285
843,0.958242,195824,-0.343693,0.709584
844,1.53584,253584,-0.174662,0.935434
845,1.55309,255309,-0.300467,0.913274
846,2.73224,373224,-0.203561,1.24156
847,1.55811,255811,-0.19832,0.914055
848,0.245748,124575,-0.335493,0.286209
849,0.270098,127010,-0.389648,0.303961
850,0.0164771,101648,-0.40061,0.100366
851,1.46037,246037,-0.239997,0.868489
852,0.665777,166578,-0.259567,0.567143
853,0.817718,181772,-0.299749,0.631593
854,0.882468,188247,-0.295842,0.677595
855,0.596381,159638,-0.363966,0.516489
856,0.742985,174298,-0.353434,0.589603
857,0.35856,135856,-0.326752,0.361023
858,0.217209,121721,-0.309944,0.266843
859,2.10588,310588,-0.316082,1.09433
860,2.36322,336322,-0.253881,1.18098
861,1.10703,210703,-0.327107,0.768356
862,1.20939,220939,-0.258141,0.769443
863,0.000403224,100040,-0.447615,0.100828
864,0.76014,176014,-0.202316,0.580543
865,0.892599,189260,-0.283201,0.681576
866,0.800802,180080,-0.326646,0.631402
867,1.67726,267726,-0.219782,1.00005
868,2.5293,352930,-0.26976,1.2698
869,1.69356,269356,-0.242075,0.944796
870,2.87284,387284,-0.23654,1.23787
871,1.0299,202990,-0.304337,0.742159
872,1.28571,228571,-0.305409,0.812034
873,1.38953,238953,-0.429804,0.860733
874,-0.341955,65804.5,-0.383013,-0.279633
875,0.626509,162651,-0.382176,0.509968
876,0.571734,157173,-0.292798,0.482882
877,1.54992,254992,-0.233407,0.870103
878,0.630509,163051,-0.252905,0.548616
879,0.164489,116449,-0.555119,0.227455
880,0.981744,198174,-0.26987,0.715308
881,2.1574,315740,-0.214409,1.13159
882,0.800783,180078,-0.168064,0.622124
883,6.187,718700,-0.144734,1.9827
884,3.00442,400442,-0.20498,1.40576
885,1.6014,260140,-0.194114,0.944041
886,9.4918,1.04918e+06,-0.205095,2.12278
887,0.747905,174790,-0.239577,0.57721
888,0.393124,139312,-0.311974,0.393038
889,1.81439,281439,-0.238718,1.03372
890,2.00859,300859,-0.393518,1.07138
891,0.617373,161737,-0.262388,0.527013
892,0.331863,133186,-0.322399,0.361182
893,-0.11078,88922,-0.457476,-0.028871
894,3.92649,492649,-0.190758,1.5066
895,0.904674,190467,-0.226131,0.679167
896,0.210881,121088,-0.317455,0.267612
897,0.777233,177723,-0.217878,0.624671
898,1.18098,218098,-0.308725,0.814427
899,2.80201,380201,-0.228297,1.24428
900,0.680842,168084,-0.514198,0.550442
901,0.954888,195489,-0.217019,0.704456
902,2.72255,372255,-0.293887,1.26671
903,0.828522,182852,-0.351629,0.627581
904,0.666194,166619,-0.202205,0.546977
905,1.63975,263975,-0.277935,0.94837
906,1.94356,294356,-0.178217,1.12794
907,0.590055,159005,-0.236324,0.498857
908,1.22762,222762,-0.369046,0.810419
909,0.427252,142725,-0.260561,0.419639
910,0.866295,186629,-0.306664,0.662963
911,1.06846,206846,-0.241227,0.753483
912,0.913016,191302,-0.212906,0.691237
913,1.57396,257396,-0.225587,0.933749
914,1.27845,227845,-0.320867,0.844572
915,1.6073,260730,-0.227256,0.982948
916,0.372929,137293,-0.422142,0.385475
917,0.740557,174056,-0.348751,0.599779
918,0.253299,125330,-0.347019,0.298825
919,3.70433,470433,-0.27125,1.42291
920,0.0406499,104065,-0.354831,0.131342
921,1.71644,271644,-0.27485,0.993354
922,1.87545,287545,-0.219114,1.0806
923,-0.0949799,90502,-0.311998,-0.0020157
924,0.0741264,107413,-0.217568,0.158571
925,0.430168,143017,-0.297294,0.412211
926,2.674,367400,-0.1776,1.27546
927,0.612764,161276,-0.290727,0.505448
928,2.87548,387548,-0.184737,1.34758
929,0.47381,147381,-0.35157,0.441328
930,2.58943,358943,-0.182667,1.1859
931,0.332322,133232,-0.31123,0.353058
932,0.8457,184570,-0.281202,0.637729
933,1.43685,243685,-0.439972,0.850273
934,1.58337,258337,-0.207895,0.943829
935,0.113269,111327,-0.383574,0.189392
936,0.0080258,100803,-0.387193,0.100047
937,0.351846,135185,-0.287687,0.372029
938,4.23649,523649,-0.203897,1.49001
939,1.06448,206448,-0.283407,0.721231
940,0.45149,145149,-0.310108,0.427486
941,1.04301,204301,-0.313685,0.706562
942,0.801177,180118,-0.242201,0.627469
943,0.060506,106051,-0.302931,0.145934
944,2.02729,302729,-0.27237,1.08409
945,0.621481,162148,-0.41209,0.517132
946,1.03882,203882,-0.274713,0.69918
947,1.1145,211450,-0.334531,0.742007
948,4.14434,514434,-0.164269,1.51919
949,1.1287,212870,-0.380302,0.775023
950,0.426618,142662,-0.238079,0.41621
951,0.755253,175525,-0.242752,0.58596
952,3.26653,426653,-0.196124,1.39246
953,0.469261,146926,-0.322057,0.427901
954,5.14692,614692,-0.146236,1.68086
955,1.49708,249708,-0.387939,0.906696
956,0.573713,157371,-0.375046,0.497305
957,2.33249,333249,-0.254517,1.14014
958,1.42001,242001,-0.155445,0.894286
959,0.908095,190810,-0.28347,0.662803
960,0.89565,189565,-0.215548,0.65026
961,0.945171,194517,-0.263607,0.679338
962,3.12605,412605,-0.155002,1.31209
963,1.4959,249590,-0.224902,0.898289
964,1.25962,225962,-0.292727,0.841908
965,1.96823,296823,-0.278955,1.09933
966,1.09913,209913,-0.219163,0.776237
967,5.0422,604220,-0.173987,1.77512
968,0.763463,176346,-0.508612,0.603842
969,1.13546,213546,-0.284259,0.764392
970,1.33238,233238,-0.262081,0.859091
971,1.21615,221615,-0.293338,0.804507
972,0.625999,162600,-0.411165,0.521161
973,2.89017,389017,-0.293537,1.37409
974,1.1096,210960,-0.266841,0.717134
975,0.878966,187897,-0.33412,0.641521
976,5.22803,622803,-0.13442,1.66321
977,0.0775418,107754,-0.502265,0.159929
978,1.97033,297033,-0.240746,1.08942
979,0.806507,180651,-0.228824,0.618851
980,1.20531,220531,-0.480527,0.823586
981,2.57557,357557,-0.240185,1.13939
982,0.081572,108157,-0.334749,0.16545
983,1.02845,202845,-0.268499,0.731844
984,0.588892,158889,-0.301218,0.500142
985,1.41543,241543,-0.238825,0.881393
986,1.47808,247808,-0.236381,0.868636
987,2.43085,343085,-0.236183,1.17089
988,2.74718,374718,-0.27596,1.31667
989,1.49019,249019,-0.269403,0.830586
990,0.718175,171818,-0.267906,0.566029
991,0.28769,128769,-0.235573,0.317649
992,1.45957,245957,-0.241684,0.88181
993,0.319289,131929,-0.297431,0.340836
994,0.520979,152098,-0.323178,0.487551
995,0.458028,145803,-0.322313,0.42851
996,1.69285,269285,-0.200293,0.978964
997,1.71814,271814,-0.231151,0.992201
998,0.149186,114919,-0.404938,0.220016
999,-0.182888,81711.2,-0.476097,-0.085845
